date,OPEN,HIGH,LOW,CLOSE,VOL
2020-11-24,2674.5,3192.5,2674.5,3033.0,1751752
2020-11-25,3150.5,3282.0,2888.0,2954.0,1283364
2020-11-26,3000.0,3002.0,2900.5,2944.0,193930
2020-11-27,2965.5,3082.0,2913.0,3025.0,336183
2020-11-30,2999.5,3140.0,2967.5,3071.0,210016
2020-12-01,3049.5,3097.0,3000.5,3059.5,150435
2020-12-02,3031.0,3230.0,3003.0,3184.0,264174
2020-12-03,3129.0,3649.0,3085.5,3614.5,912222
2020-12-04,3589.5,3984.0,3428.5,3556.0,1102780
2020-12-07,3567.0,3675.0,3351.5,3422.0,404566
2020-12-08,3429.5,3495.0,3260.0,3471.0,320172
2020-12-09,3513.5,3600.0,3300.0,3301.0,450251
2020-12-10,3348.5,3380.0,3267.5,3294.0,230363
2020-12-11,3308.0,3340.0,3106.0,3164.5,249622
2020-12-14,3195.0,3238.0,3012.5,3069.0,315620
2020-12-15,3070.0,3208.5,3040.5,3201.0,186167
2020-12-16,3221.5,3369.0,3168.0,3357.0,270328
2020-12-17,3342.0,3398.5,3181.5,3211.5,247796
2020-12-18,3209.5,3296.0,3119.5,3264.5,275222
2020-12-21,3288.0,3346.5,3178.0,3264.0,335682
2020-12-22,3292.5,3415.0,3209.0,3231.0,424425
2020-12-23,3258.0,3270.0,3131.0,3222.0,318615
2020-12-24,3220.0,3243.0,3108.0,3149.0,193810
2020-12-25,3149.0,3164.0,3130.0,3150.5,44906
2020-12-28,3167.0,3290.5,3142.5,3290.0,275998
2020-12-29,3293.0,3327.5,3170.0,3232.0,208618
2020-12-30,3225.0,3348.0,3202.0,3289.5,220585
2021-01-04,3260.0,3278.0,2996.0,3229.5,363260
2021-01-05,3238.0,3380.5,3209.5,3348.5,281378
2021-01-06,3325.5,3369.5,3220.0,3257.0,156673
2021-01-08,3321.5,3500.0,3270.0,3376.5,414740
2021-01-11,3370.0,3426.0,3330.0,3382.0,143894
2021-01-12,3375.0,3572.0,3345.0,3530.5,316286
2021-01-13,3502.5,3600.0,3460.0,3491.0,191767
2021-01-14,3526.0,3696.0,3460.5,3636.5,286321
2021-01-15,3620.0,4002.5,3485.0,3805.5,423574
2021-01-18,3815.5,3839.5,3722.5,3795.0,125851
2021-01-19,3840.5,4150.0,3814.5,3972.0,526262
2021-01-20,3955.0,4190.0,3948.0,4001.0,460938
2021-01-21,4025.0,4199.0,3872.5,4057.0,416659
2021-01-22,4069.0,4165.0,3850.0,3980.0,472503
2021-01-25,3999.0,4189.0,3930.0,4014.5,366963
2021-01-26,4028.0,4089.0,3900.0,3901.0,271592
2021-01-27,3929.0,3952.0,3532.5,3560.5,639169
2021-01-28,3580.0,3881.5,3512.5,3846.0,595436
2021-01-29,3815.5,3869.0,3568.0,3662.0,321321
2021-02-01,3700.5,3877.0,3678.0,3867.5,267088
2021-02-02,3877.5,4045.0,3877.5,4016.0,343149
2021-02-03,4004.0,4064.0,3978.0,4023.0,183538
2021-02-04,4034.0,4186.5,3991.5,4185.5,336112
2021-02-05,4200.5,4667.0,4190.0,4650.0,562135
2021-02-08,4684.0,5086.5,4680.0,4969.0,866125
2021-02-09,5001.5,5181.0,4650.0,4665.0,741013
2021-02-10,4655.0,4977.5,4642.5,4883.0,585252
2021-02-11,4928.5,4962.0,4700.0,4726.5,283167
2021-02-12,4755.0,4821.0,4536.0,4753.0,305211
2021-02-15,4795.0,4891.0,4676.0,4739.0,229807
2021-02-16,4764.0,4844.0,4654.0,4765.0,318438
2021-02-17,4760.0,4847.0,4400.0,4420.0,1180079
2021-02-18,4508.0,4657.0,4486.5,4573.5,718992
2021-02-19,4574.5,4949.0,4492.0,4884.5,468405
2021-02-20,4840.5,4932.0,4770.0,4864.0,89950
2021-02-22,4884.0,5022.0,4755.5,4938.0,306409
2021-02-24,4772.0,4818.0,4512.5,4557.5,512771
2021-02-25,4570.0,4697.5,4275.0,4330.0,439410
2021-02-26,4346.0,4525.0,4200.0,4480.0,408344
2021-03-01,4468.5,4739.0,4444.5,4703.5,238418
2021-03-02,4690.0,4811.0,4602.0,4602.0,307485
2021-03-03,4640.0,4736.0,4482.0,4490.5,336260
2021-03-04,4496.0,4543.5,4079.5,4226.5,536216
2021-03-05,4209.5,4290.0,3882.0,4073.0,568128
2021-03-09,3911.0,3948.5,3743.0,3831.0,676147
2021-03-10,3885.0,4023.0,3824.0,3844.0,581632
2021-03-11,3865.0,4085.0,3851.0,4064.0,360335
2021-03-12,4065.0,4155.0,3960.5,4114.0,523845
2021-03-15,4177.0,4266.0,4144.5,4201.0,356516
2021-03-16,4226.0,4258.0,4060.0,4147.5,283787
2021-03-17,4147.5,4219.0,3981.0,4170.0,283831
2021-03-18,4173.0,4328.0,4130.5,4179.0,449803
2021-03-19,4200.5,4279.5,4137.0,4217.0,271861
2021-03-22,4217.0,4265.0,4150.0,4175.0,144867
2021-03-23,4181.5,4185.0,4061.5,4086.0,212761
2021-03-24,4100.5,4140.0,3900.0,3953.0,305914
2021-03-25,3994.0,4035.0,3812.5,3955.0,364947
2021-03-26,3965.0,4034.5,3850.0,3958.0,271149
2021-03-29,3960.0,4059.5,3925.0,4006.0,282823
2021-03-30,4001.5,4128.5,3925.5,4011.0,438437
2021-03-31,4025.0,4322.5,3993.0,4235.0,477798
2021-04-01,4262.0,4498.5,4257.5,4435.0,524618
2021-04-02,4445.0,4447.0,4366.5,4387.5,53569
2021-04-05,4408.5,4433.0,4263.5,4395.0,166473
2021-04-06,4375.0,4500.0,4276.5,4474.0,326935
2021-04-07,4484.5,4600.0,4435.0,4567.0,388436
2021-04-08,4592.5,4600.0,4450.0,4490.0,162927
2021-04-09,4501.0,4697.0,4438.0,4650.5,349903
2021-04-12,4675.0,4799.5,4655.5,4724.0,295546
2021-04-13,4729.5,4853.0,4667.0,4739.0,299853
2021-04-14,4739.5,4801.0,4602.5,4751.0,278729
2021-04-15,4759.5,4780.0,4600.5,4730.5,300448
2021-04-16,4705.0,4824.5,4673.0,4760.0,159443
2021-04-19,4772.0,4798.5,4529.5,4659.0,214241
2021-04-20,4652.0,4685.0,4467.5,4605.0,199294
2021-04-21,4593.0,4700.0,4502.0,4671.0,168232
2021-04-22,4660.5,4832.5,4652.0,4702.0,263364
2021-04-23,4730.0,4920.0,4691.0,4860.0,270570
2021-04-26,4857.5,5073.0,4857.5,4979.0,255716
2021-04-27,5003.0,5094.5,4852.0,4902.0,269015
2021-04-28,4917.0,4955.0,4750.0,4807.0,161678
2021-04-29,4824.5,4847.0,4620.0,4671.0,161434
2021-04-30,4656.5,4739.5,4543.0,4669.5,134787
2021-05-04,4590.0,4672.5,4463.0,4522.0,367364
2021-05-05,4505.0,4648.0,4390.0,4444.0,434158
2021-05-06,4444.0,4497.5,4294.0,4397.0,376958
2021-05-07,4408.0,4473.0,4253.5,4282.5,457758
2021-05-10,4295.0,4304.5,3982.0,4019.5,733610
2021-05-11,4021.5,4199.0,3926.0,4197.0,693842
2021-05-12,4207.5,4340.0,4006.5,4080.0,1102923
2021-05-13,4076.5,4129.5,3900.0,4011.0,614878
2021-05-14,4030.0,4148.0,3985.5,4136.0,395650
2021-05-17,4136.5,4188.5,3962.0,4015.5,645489
2021-05-18,4029.0,4102.0,3675.0,3720.0,1163486
2021-05-19,3735.0,3990.0,3725.0,3941.0,1488722
2021-05-20,3967.5,4053.5,3871.0,4017.0,505010
2021-05-21,4035.0,4176.0,4014.5,4051.5,525439
2021-05-24,4071.5,4226.0,4046.5,4198.0,610509
2021-05-25,4206.0,4274.5,4004.0,4033.5,762597
2021-05-26,4034.0,4115.0,4007.5,4038.0,613475
2021-05-27,4027.5,4047.5,3810.0,3871.5,4133207
2021-05-28,3893.5,3949.0,3837.0,3893.0,609925
2021-05-31,3899.5,3944.0,3899.5,3936.0,129930
2021-06-01,3940.0,3966.0,3850.0,3958.5,422806
2021-06-02,3955.5,4049.0,3911.0,4038.0,439531
2021-06-03,4045.0,4060.0,3903.0,3979.5,458925
2021-06-04,3970.0,4074.0,3925.0,4043.0,406621
2021-06-07,4043.0,4084.0,3993.0,4061.0,266772
2021-06-08,4064.5,4192.0,4028.0,4153.0,496124
2021-06-09,4170.0,4212.0,4122.5,4148.0,290627
2021-06-10,4148.5,4174.0,4110.0,4158.0,217795
2021-06-11,4170.0,4182.0,4111.5,4134.5,133671
2021-06-14,4134.5,4158.0,4111.5,4153.5,153542
2021-06-15,4153.0,4158.5,4025.0,4061.0,228072
2021-06-16,4040.0,4145.0,4025.5,4129.0,183631
2021-06-17,4119.0,4180.0,4065.0,4160.5,255388
2021-06-18,4168.0,4264.0,4092.0,4230.0,416132
2021-06-21,4237.0,4284.0,4174.0,4232.5,183018
2021-06-22,4238.5,4279.5,4210.0,4260.5,139108
2021-06-23,4264.0,4325.0,4202.0,4243.5,277073
2021-06-24,4235.0,4374.5,4205.5,4309.5,369545
2021-06-25,4309.5,4375.0,4160.0,4221.5,332223
2021-06-28,4220.0,4380.0,4190.5,4350.5,397335
2021-06-29,4368.5,4394.0,4294.5,4327.5,319475
2021-06-30,4327.5,4372.0,4280.0,4308.0,292069
2021-07-01,4312.0,4328.0,4220.0,4255.0,216417
2021-07-02,4237.5,4307.5,4234.0,4260.0,202247
2021-07-05,4273.5,4284.5,4250.0,4267.0,37576
2021-07-06,4267.0,4282.0,4157.0,4214.5,226224
2021-07-07,4214.5,4255.0,4101.0,4153.0,206471
2021-07-08,4155.5,4155.5,4025.0,4099.0,304169
2021-07-09,4104.5,4162.5,4081.0,4129.0,193211
2021-07-12,4125.0,4156.0,4068.0,4079.0,136099
2021-07-13,4090.0,4099.0,3996.0,4009.0,189211
2021-07-14,4013.0,4060.5,4001.0,4026.0,143951
2021-07-15,4026.0,4055.5,3951.0,3990.5,169923
2021-07-16,3999.0,4049.0,3970.0,3989.5,164648
2021-07-19,3999.5,4015.0,3892.0,3997.0,137308
2021-07-20,4006.0,4065.0,3953.0,4007.0,172826
2021-07-21,4020.0,4022.5,3930.0,3971.0,142207
2021-07-22,3973.0,3976.5,3903.0,3966.5,126646
2021-07-23,3960.0,3984.0,3910.0,3950.5,113064
2021-07-26,3964.0,3969.0,3763.0,3874.5,314005
2021-07-27,3874.5,3919.0,3781.5,3818.0,261291
2021-07-28,3810.0,3896.0,3807.5,3881.0,154151
2021-07-29,3890.0,3974.0,3860.0,3888.0,229857
2021-07-30,3882.0,3894.5,3800.5,3818.0,202843
2021-08-02,3825.0,3858.0,3779.0,3831.5,183305
2021-08-03,3820.0,3840.0,3735.0,3822.0,162540
2021-08-04,3810.0,3885.0,3787.0,3804.0,166241
2021-08-05,3790.0,3819.0,3772.0,3795.0,132261
2021-08-06,3795.0,3868.0,3780.0,3849.5,157017
2021-08-09,3850.0,3954.5,3823.5,3936.0,171652
2021-08-10,3945.0,3998.0,3843.5,3847.0,282204
2021-08-11,3852.5,3875.5,3780.0,3831.0,200050
2021-08-12,3831.0,3987.0,3822.0,3909.5,391516
2021-08-13,3910.0,3944.0,3800.0,3820.5,313730
2021-08-16,3832.0,3876.0,3796.0,3829.5,259918
2021-08-17,3848.0,3875.0,3759.5,3831.5,400151
2021-08-18,3811.5,3860.0,3797.0,3839.5,147907
2021-08-19,3843.5,3853.5,3703.5,3734.0,454703
2021-08-20,3734.5,3748.5,3585.0,3656.0,396700
2021-08-23,3670.0,3758.0,3663.5,3738.0,183198
2021-08-24,3751.0,3940.0,3730.5,3939.0,404049
2021-08-25,3925.0,3969.0,3870.5,3901.0,264237
2021-08-26,3900.0,3994.0,3880.5,3906.5,327323
2021-08-27,3914.0,3935.0,3854.5,3890.0,211796
2021-08-30,3911.5,3955.0,3881.0,3893.5,159771
2021-08-31,3913.0,3936.5,3816.0,3850.0,928485
2021-09-01,3844.5,3892.0,3830.0,3863.5,232937
2021-09-02,3880.0,3884.5,3777.0,3799.0,274078
2021-09-03,3815.0,3834.0,3780.0,3806.5,176913
2021-09-06,3808.0,3825.0,3752.0,3791.0,142075
2021-09-07,3810.0,3820.5,3736.0,3810.0,244917
2021-09-08,3810.0,3820.0,3748.0,3769.5,162623
2021-09-09,3750.5,3753.0,3611.0,3641.5,334501
2021-09-10,3645.0,3720.0,3641.0,3694.5,219379
2021-09-13,3696.5,3767.5,3673.0,3708.0,190762
2021-09-14,3724.5,3731.0,3656.0,3694.5,241934
2021-09-15,3700.0,3820.0,3687.5,3791.0,266150
2021-09-16,3797.5,3828.5,3764.0,3796.0,227335
2021-09-17,3804.5,3820.0,3720.0,3729.5,232539
2021-09-20,3725.0,3727.5,3641.0,3693.5,248073
2021-09-21,3694.0,3726.0,3665.0,3680.5,115537
2021-09-22,3667.5,3743.0,3667.5,3708.0,129779
2021-09-23,3708.0,3790.0,3667.0,3770.0,170193
2021-09-24,3804.0,3807.5,3650.0,3687.5,250937
2021-09-27,3700.5,3723.0,3636.0,3701.0,166798
2021-09-28,3701.0,3708.0,3588.5,3641.5,169775
2021-09-29,3641.5,3659.5,3615.0,3648.5,127695
2021-09-30,3647.5,3683.0,3610.0,3675.0,195394
2021-10-01,3660.0,3685.0,3616.5,3627.0,133417
2021-10-04,3635.0,3638.0,3480.0,3513.5,289674
2021-10-05,3515.0,3568.0,3489.5,3507.0,261820
2021-10-06,3505.0,3541.5,3483.0,3531.0,218737
2021-10-07,3540.0,3596.5,3535.0,3545.0,184701
2021-10-08,3546.0,3595.5,3535.5,3545.0,175683
2021-10-11,3563.5,3574.5,3461.5,3484.5,280963
2021-10-12,3494.0,3495.0,3350.0,3368.0,393259
2021-10-13,3365.0,3407.5,3321.0,3345.0,350889
2021-10-14,3366.5,3408.0,3247.0,3301.0,474782
2021-10-15,3305.0,3384.0,3277.5,3364.0,300461
2021-10-18,3379.0,3508.0,3325.5,3490.5,397255
2021-10-19,3515.0,3515.5,3401.5,3474.0,232067
2021-10-20,3480.5,3480.5,3400.5,3417.5,227966
2021-10-21,3429.0,3457.0,3385.0,3389.5,157122
2021-10-22,3400.0,3426.5,3290.5,3307.0,309106
2021-10-25,3319.0,3384.5,3305.0,3348.5,199744
2021-10-26,3360.0,3362.0,3239.0,3246.5,280637
2021-10-27,3255.5,3293.0,3205.5,3268.5,232578
2021-10-28,3268.5,3297.0,3222.0,3285.0,193566
2021-10-29,3299.0,3312.5,3185.0,3190.0,197141
2021-11-01,3200.0,3286.5,3190.0,3236.5,174667
2021-11-02,3237.0,3255.0,3164.5,3191.5,192442
2021-11-03,3196.5,3250.0,3158.0,3219.0,164399
2021-11-05,3218.5,3218.5,3103.0,3139.5,239291
2021-11-08,3150.0,3203.5,3139.5,3174.0,174527
2021-11-09,3160.5,3229.5,3122.0,3151.0,212499
2021-11-10,3168.5,3194.0,3126.5,3139.0,132727
2021-11-11,3145.0,3178.0,3092.0,3096.0,266908
2021-11-12,3102.5,3120.0,3006.0,3085.0,371162
2021-11-15,3078.5,3183.0,3061.0,3145.0,318227
2021-11-16,3168.5,3190.5,3021.0,3113.0,465306
2021-11-17,3135.0,3338.0,3114.0,3201.5,850323
2021-11-18,3221.0,3482.0,3195.0,3471.0,822628
2021-11-19,3491.0,3498.0,3304.0,3365.5,642386
2021-11-22,3360.0,3400.0,3132.0,3179.5,566067
2021-11-23,3200.5,3247.0,3070.0,3098.5,588497
2021-11-24,3098.5,3134.5,3002.0,3055.5,416069
2021-11-25,3067.5,3112.5,3016.0,3077.0,172243
2021-11-26,3037.0,3083.0,3002.0,3028.5,263650
2021-11-29,3045.0,3119.0,3004.0,3041.0,290121
2021-11-30,3025.0,3096.0,2912.0,2993.5,571199
2021-12-01,3005.0,3055.0,2951.0,3012.0,299839
2021-12-02,3023.5,3030.0,2874.0,2888.5,506515
2021-12-03,2894.0,2915.0,2675.5,2681.5,629291
2021-12-06,2690.5,2735.0,2550.0,2665.0,576542
2021-12-07,2665.0,2749.0,2616.0,2698.0,495284
2021-12-08,2700.0,2745.5,2632.5,2694.5,274243
2021-12-09,2688.0,2759.0,2619.5,2622.0,293809
2021-12-10,2640.0,2658.5,2510.0,2528.0,308390
2021-12-13,2527.0,2588.5,2420.0,2446.5,364013
2021-12-14,2458.5,2480.0,2222.0,2350.0,584678
2021-12-15,2350.0,2396.5,2226.0,2290.0,606056
2021-12-16,2308.0,2541.0,2265.5,2404.5,920926
2021-12-17,2420.0,2447.0,2344.0,2413.0,497079
2021-12-20,2412.5,2425.0,2226.0,2249.0,563110
2021-12-21,2269.0,2323.0,2231.5,2300.5,448032
2021-12-22,2301.0,2385.5,2287.5,2294.0,482870
2021-12-23,2295.0,2328.5,2206.0,2252.0,452647
2021-12-24,2250.0,2276.0,2236.5,2263.0,140117
2021-12-27,2273.0,2329.5,2263.0,2290.5,294683
2021-12-28,2300.5,2324.0,2240.0,2242.5,395439
2021-12-29,2251.5,2277.5,2155.0,2189.0,495332
2021-12-30,2171.0,2333.5,2171.0,2316.5,418321
2022-01-03,2292.0,2323.0,2212.0,2238.5,560732
2022-01-04,2244.5,2287.0,2168.0,2209.0,521685
2022-01-05,2215.0,2229.5,2024.5,2029.5,720738
2022-01-06,2029.5,2106.0,1992.0,2061.0,606805
2022-01-10,2073.5,2107.0,1969.5,2008.5,508985
2022-01-11,2012.0,2099.5,1992.0,2054.0,448815
2022-01-12,2060.0,2103.5,2043.0,2073.5,393154
2022-01-13,2088.5,2088.5,1870.0,1877.0,901344
2022-01-14,1875.0,1908.0,1710.5,1757.5,1328445
2022-01-17,1761.0,1839.0,1732.0,1812.5,476728
2022-01-18,1822.5,1836.5,1625.0,1667.0,980495
2022-01-19,1669.0,1722.0,1557.0,1574.5,1492591
2022-01-20,1578.5,1637.0,1500.0,1500.0,1759063
2022-01-21,1490.0,1533.0,1392.5,1399.0,1250019
2022-01-24,1404.0,1423.0,1221.0,1335.0,1855486
2022-01-25,1325.0,1397.5,1265.0,1362.5,1558332
2022-01-26,1382.0,1468.0,1325.0,1340.0,1760690
2022-01-27,1337.0,1481.0,1308.0,1422.5,1525636
2022-01-28,1421.5,1494.0,1362.0,1393.5,1462079
2022-01-31,1406.5,1608.5,1404.5,1606.5,1728515
2022-02-01,1613.0,1777.0,1602.0,1639.5,3112599
2022-02-02,1642.5,1788.0,1630.0,1660.5,2758491
2022-02-03,1660.0,1667.5,1507.0,1516.0,1946594
2022-02-04,1560.0,1624.0,1520.0,1538.0,2263965
2022-02-07,1530.0,1562.0,1482.5,1501.0,967632
2022-02-08,1500.0,1617.0,1500.0,1598.0,1206132
2022-02-09,1601.5,1670.5,1601.0,1646.0,1167342
2022-02-10,1665.0,1674.5,1587.0,1631.0,1445033
2022-02-11,1630.0,1636.5,1478.0,1487.0,1703688
2022-02-14,1480.0,1545.0,1381.5,1475.5,1609762
2022-02-15,1484.0,1670.0,1484.0,1669.0,2068939
2022-02-16,1670.5,1765.0,1641.0,1715.0,2023010
2022-02-17,1713.0,1717.0,1568.0,1590.0,1390535
2022-02-18,1605.0,1636.0,1437.5,1478.0,1951589
2022-02-21,1470.0,1541.0,1100.0,1259.5,3565502
2022-02-22,1261.0,1485.0,1155.5,1394.5,3042397
2022-02-24,1259.0,1259.0,595.0,1000.0,2588342
2022-02-25,937.0,1201.0,936.5,1005.5,1366171
2022-03-29,949.5,1060.0,850.0,940.0,651641
2022-03-30,974.0,1085.0,960.0,1070.0,382765
2022-03-31,1091.0,1438.0,1090.0,1425.0,1245890
2022-04-01,1424.0,1547.0,1310.0,1418.0,1138314
2022-04-04,1471.5,1489.5,1328.0,1397.0,580681
2022-04-05,1401.0,1418.5,1210.0,1298.0,521325
2022-04-06,1298.0,1299.5,1212.5,1215.0,327379
2022-04-07,1239.0,1330.0,1215.0,1219.5,338560
2022-04-08,1222.0,1240.0,1122.5,1177.0,194116
2022-04-11,1177.5,1218.0,1120.0,1126.5,216238
2022-04-12,1138.0,1149.5,1080.0,1094.0,187305
2022-04-13,1100.5,1164.5,1100.0,1103.0,259479
2022-04-14,1113.0,1120.0,1041.0,1060.5,166797
2022-04-15,1068.0,1075.5,1008.0,1020.5,230578
2022-04-18,1023.0,1034.0,968.0,977.0,153955
2022-04-19,981.0,1096.0,871.5,1017.5,402657
2022-04-20,1035.0,1120.0,1001.0,1064.0,290201
2022-04-21,1072.0,1097.5,1035.0,1053.0,116452
2022-04-22,1053.0,1059.0,990.0,1000.0,130987
2022-04-25,993.5,997.5,914.0,937.0,242627
2022-04-26,931.0,980.0,905.0,937.5,257098
2022-04-27,940.0,1056.0,940.0,1036.5,264044
2022-04-28,1050.0,1148.5,1005.0,1015.0,364154
2022-04-29,1020.0,1054.5,1001.0,1022.0,120029
2022-05-04,1025.0,1045.0,984.0,984.0,110826
2022-05-05,987.0,1009.0,960.5,965.0,136031
2022-05-06,965.0,969.5,928.5,941.5,136374
2022-05-11,944.5,985.0,904.0,930.5,136155
2022-05-12,934.0,934.0,831.0,880.0,116784
2022-05-13,887.0,915.0,871.0,880.0,82314
2022-05-16,885.0,916.0,881.5,899.0,95089
2022-05-17,906.5,945.0,902.0,941.5,142865
2022-05-18,944.5,1028.0,932.0,968.0,279414
2022-05-19,974.5,974.5,921.5,937.0,110567
2022-05-20,943.0,950.0,905.0,940.0,116213
2022-05-23,945.0,993.0,908.0,938.0,140629
2022-05-24,936.0,966.0,909.0,931.0,126962
2022-05-25,940.0,955.0,931.5,938.0,79814
2022-05-26,947.0,990.0,940.0,959.0,199368
2022-05-27,954.5,954.5,910.0,929.0,183799
2022-05-30,933.5,939.0,880.0,895.0,195646
2022-05-31,889.0,945.0,860.0,908.0,321592
2022-06-01,893.0,929.0,892.5,904.0,95130
2022-06-02,915.0,915.0,886.0,894.0,82850
2022-06-03,890.0,908.5,833.5,838.0,170177
2022-06-06,840.5,850.0,763.5,777.0,270339
2022-06-07,781.0,788.0,728.0,776.5,312782
2022-06-08,781.0,833.0,781.0,831.5,191244
2022-06-09,832.5,846.0,791.0,795.0,148771
2022-06-10,795.5,821.0,771.0,771.0,103951
2022-06-14,785.0,794.0,750.0,776.5,106972
2022-06-15,780.0,837.0,766.5,825.0,172901
2022-06-16,832.5,880.0,831.0,880.0,186539
2022-06-17,884.0,884.5,830.0,852.0,144496
2022-06-20,855.5,884.0,852.0,874.0,135952
2022-06-21,868.0,900.0,861.5,868.0,131103
2022-06-22,862.0,864.0,830.0,842.0,102931
2022-06-23,842.0,877.0,833.0,870.0,107115
2022-06-24,873.0,885.0,855.5,859.0,91283
2022-06-27,860.5,925.5,860.5,913.0,202252
2022-06-28,916.0,939.0,890.0,903.5,191308
2022-06-29,904.0,915.0,863.5,887.5,125051
2022-06-30,888.0,905.0,805.0,844.5,180787
2022-07-01,837.5,863.5,814.0,855.0,97770
2022-07-04,864.0,889.0,850.0,859.0,89198
2022-07-05,860.0,870.0,836.0,864.0,117665
2022-07-06,868.5,911.0,851.0,876.0,145422
2022-07-07,876.0,1019.0,872.5,1019.0,621307
2022-07-08,1026.5,1033.5,951.5,1006.0,568210
2022-07-11,1016.0,1110.0,1006.0,1050.0,874116
2022-07-12,1048.0,1105.0,955.0,1075.0,575656
2022-07-13,1068.0,1098.5,1023.5,1037.0,448067
2022-07-14,1037.0,1071.5,1010.5,1039.5,287235
2022-07-15,1041.5,1084.5,1038.5,1066.5,208253
2022-07-18,1072.0,1194.0,1071.0,1164.0,697296
2022-07-19,1172.0,1189.0,1117.0,1173.5,393448
2022-07-20,1173.5,1258.0,1162.0,1221.0,407240
2022-07-21,1221.0,1246.5,1155.0,1206.0,272961
2022-07-22,1219.0,1238.0,1212.5,1222.0,186170
2022-07-25,1248.0,1364.5,1241.0,1361.5,587972
2022-07-26,1372.0,1454.0,1343.5,1439.0,705084
2022-07-27,1441.0,1470.0,1350.0,1433.0,583798
2022-07-28,1435.5,1460.0,1405.0,1442.5,227064
2022-07-29,1444.0,1453.5,1365.0,1383.5,199523
2022-08-01,1357.0,1380.0,1283.5,1301.0,311861
2022-08-02,1299.0,1300.0,1187.5,1204.5,338770
2022-08-03,1209.5,1283.5,1158.5,1197.0,893335
2022-08-04,1220.5,1367.0,1215.0,1360.0,730178
2022-08-05,1376.0,1431.5,1250.5,1296.0,912688
2022-08-08,1376.0,1397.5,1324.0,1355.0,271011
2022-08-09,1357.0,1359.0,1286.5,1354.5,366188
2022-08-10,1354.5,1427.0,1319.0,1389.5,489682
2022-08-11,1392.0,1450.0,1390.0,1420.0,508749
2022-08-12,1423.0,1436.0,1361.0,1399.0,442341
2022-08-15,1417.0,1454.0,1388.0,1395.5,650629
2022-08-16,1407.0,1416.5,1375.0,1382.0,229093
2022-08-17,1383.0,1420.0,1365.5,1384.5,266585
2022-08-18,1390.0,1394.5,1367.0,1381.0,111375
2022-08-19,1383.0,1389.5,1351.5,1377.0,115566
2022-08-22,1385.0,1420.0,1380.0,1404.0,283302
2022-08-23,1414.0,1588.0,1373.0,1516.5,2076922
2022-08-24,1527.0,1543.5,1471.5,1471.5,490937
2022-08-25,1473.0,1533.0,1455.5,1510.0,358489
2022-08-26,1510.0,1517.5,1488.5,1502.0,143470
2022-08-29,1502.0,1509.0,1492.0,1496.0,90670
2022-08-30,1495.0,1499.5,1467.5,1478.0,192275
2022-08-31,1488.5,1496.0,1460.0,1479.5,166595
2022-09-01,1480.0,1538.5,1475.0,1519.0,382288
2022-09-02,1520.0,1529.0,1495.0,1507.5,156780
2022-09-05,1520.0,1527.5,1510.0,1523.0,98224
2022-09-06,1526.5,1554.0,1000.0,1443.5,630353
2022-09-07,1442.0,1485.0,1402.0,1457.0,173170
2022-09-08,1453.0,1477.0,1425.5,1428.0,135036
2022-09-09,1438.5,1454.0,1381.5,1410.5,281335
2022-09-12,1407.0,1454.0,1400.0,1440.0,190856
2022-09-13,1441.0,1468.0,1430.5,1443.5,116565
2022-09-14,1444.0,1452.5,1405.0,1436.0,127758
2022-09-15,1436.0,1450.0,1430.0,1448.5,119566
2022-09-16,1448.5,1468.0,1441.0,1464.5,164439
2022-09-19,1462.0,1509.5,1443.5,1488.0,296534
2022-09-20,1490.0,1503.0,1237.0,1325.5,993883
2022-09-21,1183.5,1309.5,1026.0,1236.0,553447
2022-09-22,1241.0,1310.0,1236.0,1254.0,310899
2022-09-23,1254.0,1271.0,1150.0,1171.0,291837
2022-09-26,1116.0,1150.0,941.0,987.5,693953
2022-09-27,1009.5,1098.0,980.5,1086.5,414819
2022-09-28,1076.0,1136.5,1038.0,1070.0,345497
2022-09-29,1078.0,1116.5,1015.0,1030.5,352837
2022-09-30,1039.5,1061.0,966.5,1051.0,517573
2022-10-03,1064.5,1193.0,1050.5,1184.5,524910
2022-10-04,1196.0,1231.5,1185.0,1192.0,482800
2022-10-05,1195.0,1205.5,1100.5,1185.5,463574
2022-10-06,1190.0,1226.0,1121.0,1158.0,334649
2022-10-07,1170.0,1170.0,1100.0,1112.5,223776
2022-10-10,1049.5,1190.0,1035.0,1190.0,359286
2022-10-11,1190.0,1224.0,1182.5,1217.0,256042
2022-10-12,1224.5,1249.5,1202.0,1214.0,173353
2022-10-13,1214.5,1245.0,1156.0,1195.0,291384
2022-10-14,1204.0,1220.0,1180.0,1196.5,144145
2022-10-17,1208.5,1279.5,1200.0,1279.5,260851
2022-10-18,1290.5,1321.0,1214.0,1232.5,291857
2022-10-19,1240.0,1269.0,1212.5,1239.5,219347
2022-10-20,1250.0,1264.5,1226.0,1245.5,112334
2022-10-21,1249.5,1259.5,1228.5,1257.5,113582
2022-10-24,1265.0,1277.0,1235.5,1249.0,160751
2022-10-25,1250.0,1347.0,1250.0,1339.0,606832
2022-10-26,1347.5,1355.5,1301.0,1328.0,232989
2022-10-27,1333.0,1339.0,1309.5,1318.5,168329
2022-10-28,1318.0,1337.0,1279.0,1323.5,166010
2022-10-31,1330.0,1338.5,1313.0,1338.0,173231
2022-11-01,1340.0,1393.5,1338.0,1383.5,247091
2022-11-02,1382.5,1382.5,1332.0,1341.5,197367
2022-11-03,1344.0,1349.0,1318.0,1346.0,120145
2022-11-07,1359.0,1420.5,1354.0,1397.5,299189
2022-11-08,1400.5,1412.0,1381.0,1396.0,157976
2022-11-09,1400.0,1444.5,1385.5,1408.0,396566
2022-11-10,1411.5,1446.5,1410.5,1438.0,187392
2022-11-11,1445.0,1470.0,1414.0,1447.0,344780
2022-11-14,1468.0,1535.0,1459.0,1518.5,439188
2022-11-15,1530.0,1545.5,1370.0,1445.5,994256
2022-11-16,1475.0,1515.0,1460.0,1497.5,387595
2022-11-17,1500.5,1505.0,1453.0,1488.5,224098
2022-11-18,1482.5,1503.0,1468.0,1486.5,185564
2022-11-21,1495.0,1500.5,1431.0,1447.5,436711
2022-11-22,1441.0,1459.5,1438.5,1448.0,142780
2022-11-23,1451.5,1455.5,1421.5,1446.0,141210
2022-11-24,1449.0,1450.5,1432.5,1445.0,53424
2022-11-25,1445.0,1445.5,1400.0,1423.5,123800
2022-11-28,1418.0,1420.0,1400.0,1403.0,124652
2022-11-29,1409.5,1429.5,1395.5,1420.0,134957
2022-11-30,1420.0,1422.5,1408.0,1419.0,68371
2022-12-01,1422.0,1439.0,1415.5,1433.5,111938
2022-12-02,1433.5,1449.0,1421.0,1426.5,120319
2022-12-05,1426.0,1473.0,1407.0,1459.5,217527
2022-12-06,1462.0,1479.0,1444.0,1450.0,155733
2022-12-07,1451.0,1468.0,1435.5,1455.0,114226
2022-12-08,1460.0,1464.0,1425.0,1431.5,83414
2022-12-09,1432.0,1445.0,1426.0,1428.5,60700
2022-12-12,1430.0,1439.0,1417.5,1422.5,71187
2022-12-13,1427.5,1434.5,1414.0,1420.0,73942
2022-12-14,1420.0,1424.0,1382.0,1386.0,141281
2022-12-15,1386.5,1387.0,1352.0,1361.5,157420
2022-12-16,1361.5,1385.0,1357.5,1371.0,77066
2022-12-19,1370.5,1371.0,1323.5,1330.0,188745
2022-12-20,1330.5,1398.5,1326.5,1397.5,140738
2022-12-21,1403.0,1425.0,1380.0,1404.5,153247
2022-12-22,1406.5,1430.5,1403.0,1421.5,118130
2022-12-23,1422.0,1438.5,1365.0,1388.0,220564
2022-12-26,1395.0,1405.0,1368.0,1383.5,95314
2022-12-27,1383.5,1425.5,1380.5,1407.5,167003
2022-12-28,1407.5,1423.5,1381.0,1388.5,110497
2022-12-29,1389.0,1416.0,1384.0,1412.0,91719
2022-12-30,1414.5,1415.0,1390.5,1402.0,69305
2023-01-03,1406.0,1454.5,1397.5,1438.0,162705
2023-01-04,1440.0,1455.0,1424.0,1436.0,74181
2023-01-05,1442.0,1443.0,1431.5,1439.0,38942
2023-01-06,1438.0,1445.0,1406.0,1424.5,54745
2023-01-09,1426.0,1444.0,1415.0,1429.5,138303
2023-01-10,1429.0,1433.0,1407.0,1429.5,112745
2023-01-11,1432.5,1498.5,1427.0,1490.0,403737
2023-01-12,1493.0,1520.0,1477.0,1498.0,274731
2023-01-13,1499.0,1515.0,1497.5,1510.5,116453
2023-01-16,1521.0,1589.0,1514.5,1582.0,404229
2023-01-17,1587.5,1590.0,1538.0,1542.0,311008
2023-01-18,1541.0,1574.0,1536.5,1552.5,215016
2023-01-19,1556.5,1569.0,1541.5,1546.0,206507
2023-01-20,1555.0,1576.5,1549.0,1563.0,167453
2023-01-23,1570.0,1641.0,1567.5,1625.0,425424
2023-01-24,1634.0,1650.0,1589.5,1606.0,300412
2023-01-25,1606.0,1640.0,1576.0,1638.0,225862
2023-01-26,1641.5,1646.0,1614.0,1629.5,157985
2023-01-27,1629.0,1664.0,1615.0,1654.5,201739
2023-01-30,1664.5,1705.5,1654.0,1699.5,347813
2023-01-31,1704.5,1737.0,1690.0,1710.0,331180
2023-02-01,1710.0,1732.0,1681.0,1709.0,190729
2023-02-02,1712.0,1719.5,1685.0,1694.0,125544
2023-02-03,1687.5,1699.0,1650.5,1685.0,168686
2023-02-06,1686.0,1715.0,1686.0,1714.0,133534
2023-02-07,1718.5,1728.0,1691.5,1701.0,133756
2023-02-08,1703.0,1709.5,1659.0,1679.0,176041
2023-02-09,1680.0,1680.0,1653.0,1664.0,97851
2023-02-10,1664.0,1682.0,1654.0,1674.5,74507
2023-02-13,1681.0,1694.0,1665.0,1665.5,89529
2023-02-14,1666.0,1671.0,1615.0,1633.0,275746
2023-02-15,1624.5,1624.5,1542.0,1578.5,353516
2023-02-16,1580.0,1630.0,1563.0,1581.0,194428
2023-02-17,1591.0,1600.0,1555.0,1582.5,171724
2023-02-20,1580.0,1580.0,1540.0,1556.5,176535
2023-02-21,1556.5,1633.0,1551.5,1628.0,259462
2023-02-22,1634.5,1638.0,1606.0,1623.0,90065
2023-02-24,1623.0,1673.0,1622.0,1656.0,153965
2023-02-27,1628.0,1684.0,1590.0,1673.5,186224
2023-02-28,1680.0,1689.5,1650.0,1676.0,136655
2023-03-01,1679.0,1682.5,1660.0,1669.0,100271
2023-03-02,1668.5,1668.5,1630.0,1646.5,140302
2023-03-03,1644.5,1685.0,1642.5,1678.5,117291
2023-03-06,1682.0,1707.0,1681.5,1701.5,163327
2023-03-07,1701.5,1705.0,1676.0,1687.5,115471
2023-03-09,1687.5,1699.5,1655.0,1667.5,138204
2023-03-10,1662.0,1672.5,1646.0,1659.0,80399
2023-03-13,1665.0,1689.5,1646.0,1666.5,149891
2023-03-14,1670.0,1715.0,1660.0,1712.5,251757
2023-03-15,1716.5,1724.0,1670.0,1678.0,233108
2023-03-16,1672.5,1698.5,1612.0,1655.0,318773
2023-03-17,1662.0,1697.0,1657.5,1690.0,197613
2023-03-20,1691.0,1696.5,1658.0,1684.0,176307
2023-03-21,1688.5,1690.5,1667.0,1675.0,86015
2023-03-22,1679.5,1682.0,1658.0,1661.0,69738
2023-03-23,1660.0,1675.5,1652.5,1672.5,68475
2023-03-24,1673.5,1683.5,1662.0,1667.0,61867
2023-03-27,1670.5,1746.0,1669.5,1740.0,451118
2023-03-28,1744.5,1767.0,1715.5,1748.0,226191
2023-03-29,1749.5,1760.0,1718.5,1737.5,127780
2023-03-30,1742.5,1796.5,1731.5,1789.0,404232
2023-03-31,1793.0,1805.0,1735.0,1781.0,285967
2023-04-03,1789.5,1840.0,1772.5,1838.0,317888
2023-04-04,1843.0,1846.5,1770.5,1792.0,301093
2023-04-05,1792.0,1835.0,1750.0,1828.5,284644
2023-04-06,1839.5,1852.5,1715.5,1753.5,945796
2023-04-07,1750.0,1770.0,1720.5,1747.5,228646
2023-04-10,1756.0,1777.0,1753.5,1775.0,225231
2023-04-11,1775.5,1780.5,1700.5,1719.0,363656
2023-04-12,1727.0,1737.5,1688.0,1716.5,154612
2023-04-13,1716.0,1722.5,1670.0,1692.5,173204
2023-04-14,1695.5,1696.5,1654.5,1683.0,240918
2023-04-17,1694.0,1733.5,1678.0,1723.5,297067
2023-04-18,1731.5,1733.0,1691.0,1713.0,208714
2023-04-19,1717.0,1720.5,1678.0,1689.5,165696
2023-04-20,1697.5,1713.0,1670.0,1703.0,176986
2023-04-21,1706.0,1766.0,1685.0,1752.5,364336
2023-04-24,1752.0,1756.5,1723.5,1736.0,201980
2023-04-25,1739.5,1754.0,1725.5,1736.0,91545
2023-04-26,1739.0,1747.5,1715.0,1719.5,144573
2023-04-27,1720.0,1737.0,1700.5,1719.0,143679
2023-04-28,1720.0,1733.0,1686.0,1704.0,128681
2023-05-02,1703.5,1712.0,1662.5,1691.5,170239
2023-05-03,1691.5,1693.5,1601.0,1620.0,259174
2023-05-04,1619.0,1647.0,1608.0,1642.5,107254
2023-05-05,1646.0,1649.5,1600.5,1609.0,130835
2023-05-08,1609.0,1624.0,1566.0,1575.5,119151
2023-05-10,1582.5,1668.5,1575.0,1662.0,267808
2023-05-11,1669.5,1695.0,1603.0,1649.0,313750
2023-05-12,1650.0,1665.0,1624.5,1662.0,111393
2023-05-15,1665.0,1689.0,1665.0,1687.5,150697
2023-05-16,1689.0,1720.0,1675.0,1712.5,162012
2023-05-17,1711.0,1711.0,1681.5,1692.5,102898
2023-05-18,1693.5,1708.5,1680.0,1689.0,137913
2023-05-19,1695.0,1729.5,1680.0,1717.5,236069
2023-05-22,1729.0,1745.0,1716.0,1741.0,218074
2023-05-23,1742.5,1750.0,1693.0,1742.0,260656
2023-05-24,1750.0,1813.0,1739.5,1801.0,1013263
2023-05-25,1802.5,1807.5,1753.0,1801.0,320327
2023-05-26,1798.0,1805.0,1776.5,1790.0,187598
2023-05-29,1800.5,1820.0,1790.0,1803.5,280971
2023-05-30,1786.0,1792.0,1700.5,1744.5,400650
2023-05-31,1744.0,1773.0,1717.0,1757.5,166426
2023-06-01,1764.0,1789.0,1750.5,1764.5,162349
2023-06-02,1765.0,1797.0,1757.5,1780.0,175276
2023-06-05,1787.5,1812.0,1740.0,1742.5,224470
2023-06-06,1742.0,1825.0,1701.0,1822.0,558538
2023-06-07,1826.0,1969.5,1822.5,1946.5,1451935
2023-06-08,1948.0,1960.5,1905.5,1949.0,443355
2023-06-09,1956.0,1958.5,1918.5,1949.5,242536
2023-06-13,1985.0,2020.0,1964.0,2005.0,600557
2023-06-14,2008.0,2044.0,1991.5,2032.5,365981
2023-06-15,2046.0,2060.0,1992.0,2025.0,367652
2023-06-16,2028.0,2030.0,1970.0,2013.0,334372
2023-06-19,2022.5,2033.0,1976.0,2025.0,271217
2023-06-20,2029.0,2036.5,1986.5,2005.0,215018
2023-06-21,2000.5,2065.0,1995.5,2042.0,288199
2023-06-22,2044.0,2057.5,2002.0,2012.0,191254
2023-06-23,2012.0,2037.0,1921.0,1948.5,471875
2023-06-26,1972.0,2000.0,1880.0,1955.0,397750
2023-06-27,1958.5,1979.0,1938.0,1974.0,244170
2023-06-28,1975.0,1999.5,1956.0,1978.0,156356
2023-06-29,1979.0,1984.5,1962.0,1974.0,103146
2023-06-30,1974.0,1980.0,1955.0,1970.0,139381
2023-07-03,1970.0,1983.0,1924.5,1936.5,210872
2023-07-04,1936.0,1954.0,1903.0,1922.5,201258
2023-07-05,1938.5,1967.0,1934.5,1959.5,171741
2023-07-06,1960.0,1980.0,1945.0,1965.0,163949
2023-07-07,1966.0,1984.5,1947.5,1964.0,157346
2023-07-10,1973.5,1980.0,1960.0,1970.5,162746
2023-07-11,1970.5,2047.5,1970.0,2034.0,449809
2023-07-12,2043.5,2070.0,2014.0,2036.5,382684
2023-07-13,2044.5,2065.0,2015.0,2030.5,197723
2023-07-14,2030.5,2053.0,2011.0,2039.0,145954
2023-07-17,2027.5,2117.0,2005.0,2115.0,586380
2023-07-18,2118.0,2126.5,2101.0,2110.5,280308
2023-07-19,2109.0,2123.5,2071.0,2088.5,251626
2023-07-20,2094.0,2140.0,2050.0,2072.0,479003
2023-07-21,2071.5,2113.0,2060.5,2108.5,217007
2023-07-24,2114.0,2239.5,2110.5,2239.0,1464789
2023-07-25,2247.5,2380.0,2233.0,2355.5,1575270
2023-07-26,2350.0,2468.0,2321.0,2421.5,2042877
2023-07-27,2425.0,2449.5,2395.0,2407.0,625960
2023-07-28,2434.5,2463.0,2410.0,2434.0,549965
2023-07-31,2446.0,2470.0,2412.0,2434.0,462486
2023-08-01,2439.0,2439.0,2403.0,2419.0,310397
2023-08-02,2416.5,2434.5,2407.0,2423.5,259905
2023-08-03,2422.0,2712.5,2380.5,2679.0,2387635
2023-08-04,2708.0,2838.0,2521.5,2636.5,3433298
2023-08-07,2659.0,2740.0,2565.0,2604.5,850322
2023-08-08,2605.0,2740.0,2505.0,2720.0,1215167
2023-08-09,2735.5,2761.0,2660.5,2699.0,674330
2023-08-10,2710.0,2797.0,2709.0,2769.5,1075520
2023-08-11,2775.0,2790.0,2722.5,2769.5,464968
2023-08-14,2790.0,2827.5,2637.5,2660.0,1215255
2023-08-15,2647.0,2775.0,2603.0,2711.5,907148
2023-08-16,2724.5,2739.5,2589.0,2651.0,833180
2023-08-17,2684.5,2720.0,2631.0,2710.0,685483
2023-08-18,2718.0,2798.0,2675.0,2784.0,518013
2023-08-21,2790.5,2854.0,2759.5,2840.0,1101931
2023-08-22,2848.0,2962.0,2840.5,2960.5,1288769
2023-08-23,2978.0,2983.5,2800.0,2830.0,2678861
2023-08-24,2841.5,2898.0,2827.5,2882.0,544965
2023-08-25,2882.0,2885.0,2840.5,2865.0,372754
2023-08-28,2874.0,2918.0,2862.0,2890.0,453150
2023-08-29,2891.0,2903.5,2862.5,2873.5,295711
2023-08-30,2874.0,2879.0,2835.5,2852.0,336702
2023-08-31,2852.0,2862.0,2780.0,2829.0,593689
2023-09-01,2838.0,2859.5,2801.0,2816.0,284107
2023-09-04,2815.5,2879.5,2802.0,2867.0,354205
2023-09-05,2867.0,2887.5,2814.5,2865.5,485732
2023-09-06,2858.5,2879.5,2821.0,2835.0,256590
2023-09-07,2834.0,2841.0,2714.5,2746.0,700670
2023-09-08,2746.0,2767.5,2665.0,2739.0,477456
2023-09-11,2740.0,2755.5,2597.0,2607.0,723138
2023-09-12,2634.0,2777.0,2627.0,2774.0,619655
2023-09-13,2777.5,2784.0,2700.0,2710.0,361880
2023-09-14,2725.5,2736.0,2651.5,2688.0,452404
2023-09-15,2689.5,2807.5,2658.5,2770.0,421601
2023-09-18,2795.5,2798.0,2706.0,2722.0,300318
2023-09-19,2721.0,2733.5,2629.0,2639.5,398331
2023-09-20,2642.0,2655.0,2536.0,2600.0,606641
2023-09-21,2598.0,2599.5,2468.0,2479.5,517533
2023-09-22,2488.0,2589.5,2460.0,2586.0,409458
2023-09-25,2590.0,2595.0,2532.0,2540.0,238577
2023-09-26,2533.0,2607.0,2500.0,2579.5,286995
2023-09-27,2595.0,2705.0,2593.0,2675.0,607041
2023-09-28,2677.5,2724.5,2645.0,2691.0,413890
2023-09-29,2696.5,2712.0,2625.5,2636.0,296578
2023-10-02,2645.5,2696.0,2604.0,2612.5,295375
2023-10-03,2608.0,2647.0,2565.0,2624.0,256812
2023-10-04,2620.0,2645.0,2572.0,2606.0,263994
2023-10-05,2601.5,2636.5,2575.5,2624.5,174780
2023-10-06,2630.0,2683.5,2601.0,2654.0,273267
2023-10-09,2670.0,2720.0,2636.5,2652.5,263155
2023-10-10,2663.5,2720.0,2646.0,2720.0,335277
2023-10-11,2726.0,2764.5,2652.0,2670.0,429492
2023-10-12,2670.5,2735.0,2670.0,2713.0,216288
2023-10-13,2724.0,2738.5,2696.0,2728.0,218512
2023-10-16,2736.5,2760.0,2729.5,2739.5,197726
2023-10-17,2739.0,2750.0,2724.5,2738.0,144920
2023-10-18,2737.5,2770.0,2705.5,2732.5,296461
2023-10-19,2733.0,2797.0,2717.5,2783.0,311271
2023-10-20,2784.0,2784.0,2717.5,2757.0,324360
2023-10-23,2753.5,2786.5,2732.0,2740.0,161793
2023-10-24,2746.5,2746.5,2670.0,2710.0,334140
2023-10-25,2713.0,2749.0,2705.0,2734.0,180916
2023-10-26,2734.0,2751.0,2680.5,2691.5,195568
2023-10-27,2691.0,2709.5,2635.5,2680.0,275389
2023-10-30,2694.5,2694.5,2615.0,2646.5,219372
2023-10-31,2640.0,2640.5,2566.0,2598.0,277419
2023-11-01,2596.5,2630.0,2596.0,2616.0,108181
2023-11-02,2619.0,2672.0,2598.5,2630.5,366269
2023-11-03,2632.0,2668.0,2601.5,2623.0,152039
2023-11-06,2627.0,2661.0,2625.0,2642.5,96152
2023-11-07,2643.5,2685.5,2638.0,2675.0,239772
2023-11-08,2680.0,2700.0,2665.5,2678.5,195635
2023-11-09,2681.5,2693.5,2650.0,2681.0,120942
2023-11-10,2685.5,2692.0,2645.0,2645.0,144698
2023-11-13,2647.5,2702.0,2640.5,2693.5,190041
2023-11-14,2701.0,2734.0,2610.0,2642.0,435914
2023-11-15,2644.0,2720.0,2628.0,2707.5,348504
2023-11-16,2723.0,2787.5,2662.0,2751.0,1166353
2023-11-17,2753.0,2780.0,2726.0,2756.0,317869
2023-11-20,2770.0,2857.5,2770.0,2853.0,781635
2023-11-21,2852.0,2997.5,2843.5,2990.5,1369671
2023-11-22,2996.5,3016.5,2941.0,2975.0,1220197
2023-11-23,2973.0,2992.5,2935.5,2944.0,314705
2023-11-24,2940.0,2944.0,2865.0,2895.0,425404
2023-11-27,2894.0,2967.5,2857.5,2901.0,396925
2023-11-28,2906.5,2906.5,2818.0,2868.0,293300
2023-11-29,2858.0,2930.0,2835.0,2903.0,220479
2023-11-30,2903.5,2905.0,2821.0,2828.0,223347
2023-12-01,2822.0,2830.0,2735.0,2756.5,256031
2023-12-04,2729.5,2795.0,2685.0,2707.0,380295
2023-12-05,2717.5,2745.0,2671.0,2737.5,234624
2023-12-06,2750.0,2769.0,2675.0,2697.5,290675
2023-12-07,2698.0,2711.5,2617.5,2640.0,253924
2023-12-08,2657.5,2705.0,2641.0,2673.0,143006
2023-12-11,2673.0,2684.5,2491.5,2510.0,757809
2023-12-12,2509.5,2596.0,2494.5,2566.5,444011
2023-12-13,2559.0,2634.0,2542.0,2617.0,272991
2023-12-14,2628.5,2648.5,2522.5,2539.0,289554
2023-12-15,2536.0,2644.5,2523.0,2630.5,277455
2023-12-18,2628.5,2715.0,2628.5,2700.5,353442
2023-12-19,2706.5,2735.0,2651.5,2695.0,270058
2023-12-20,2697.5,2715.0,2669.5,2678.0,131749
2023-12-21,2670.0,2673.5,2604.5,2633.0,233327
2023-12-22,2620.5,2655.0,2615.5,2632.0,146522
2023-12-25,2631.0,2682.0,2630.0,2662.0,301856
2023-12-26,2662.0,2674.5,2629.0,2661.5,137534
2023-12-27,2662.0,2694.5,2632.5,2688.5,250354
2023-12-28,2690.5,2820.5,2690.0,2799.0,600998
2023-12-29,2802.5,2850.0,2762.5,2804.5,375096
2024-01-03,2810.0,2840.5,2806.5,2825.5,101978
2024-01-04,2833.5,2839.5,2808.0,2819.5,67482
2024-01-05,2822.0,2825.5,2777.5,2805.0,77502
2024-01-08,2805.0,2824.0,2801.0,2819.5,77547
2024-01-09,2821.5,2890.0,2821.5,2874.0,235021
2024-01-10,2876.0,2948.0,2875.0,2907.0,308238
2024-01-11,2907.0,2973.5,2883.0,2938.5,287231
2024-01-12,2945.0,2960.0,2910.0,2931.0,163229
2024-01-15,2978.5,3053.0,2969.0,3035.0,795827
2024-01-16,3034.0,3035.0,2898.5,2920.5,586341
2024-01-17,2922.0,2938.0,2865.0,2917.0,311739
2024-01-18,2922.0,2924.0,2822.5,2829.0,423086
2024-01-19,2828.0,2867.5,2802.0,2827.5,346174
2024-01-22,2830.0,2874.0,2823.5,2847.0,293335
2024-01-23,2855.0,2875.0,2779.5,2794.5,457475
2024-01-24,2797.5,2832.0,2751.0,2793.5,337922
2024-01-25,2797.5,2809.0,2736.0,2785.0,342709
2024-01-26,2807.0,2859.0,2791.5,2836.0,504960
2024-01-29,2849.5,2896.5,2849.0,2886.0,356866
2024-01-30,2879.5,2930.0,2831.0,2911.5,658962
2024-01-31,2916.5,2932.5,2881.5,2909.5,357176
2024-02-01,2913.5,2941.0,2892.5,2899.0,256962
2024-02-02,2899.0,2914.0,2863.0,2878.5,166804
2024-02-05,2870.5,2926.5,2800.5,2887.0,373051
2024-02-06,2891.0,2899.0,2861.5,2868.0,156073
2024-02-07,2864.0,2891.0,2852.0,2877.5,240143
2024-02-08,2879.5,2889.0,2803.5,2814.5,342818
2024-02-09,2814.0,2866.5,2780.0,2837.0,267206
2024-02-12,2865.5,2996.5,2847.5,2994.5,1062629
2024-02-13,2996.5,3157.0,2982.0,3154.5,1943417
2024-02-14,3154.5,3199.0,3060.0,3086.0,1569069
2024-02-15,3090.0,3179.0,3051.0,3140.5,942194
2024-02-16,3143.5,3178.0,3095.0,3128.0,601226
2024-02-19,3125.5,3160.0,3086.0,3114.5,330999
2024-02-20,3115.0,3218.5,3060.5,3088.0,883196
2024-02-21,3088.0,3117.5,2966.5,3035.0,741872
2024-02-22,3028.0,3107.0,3005.0,3059.5,413281
2024-02-26,3110.0,3134.0,3083.0,3133.0,299328
2024-02-27,3138.5,3175.5,3112.0,3169.5,329276
2024-02-28,3177.0,3190.0,3126.5,3133.5,292714
2024-02-29,3133.0,3249.5,3122.5,3216.0,494846
2024-03-01,3232.5,3290.0,3217.0,3270.0,499939
2024-03-04,3286.0,3400.0,3280.0,3397.5,722556
2024-03-05,3394.5,3395.0,3310.0,3334.0,542076
2024-03-06,3326.0,3341.0,3292.5,3309.5,204822
2024-03-07,3307.5,3337.5,3287.0,3335.0,187969
2024-03-11,3340.0,3378.0,3296.0,3315.0,324742
2024-03-12,3300.5,3314.0,3273.5,3291.5,215380
2024-03-13,3291.0,3337.0,3283.5,3291.5,210737
2024-03-14,3294.5,3322.0,3221.5,3237.5,302296
2024-03-15,3240.0,3326.0,3222.0,3302.0,282649
2024-03-18,3300.0,3374.0,3283.0,3365.0,367779
2024-03-19,3362.0,3421.0,3331.0,3390.0,803251
2024-03-20,3390.0,3512.0,3385.5,3509.5,943718
2024-03-21,3500.0,3562.0,3461.0,3540.5,757852
2024-03-22,3541.5,3547.5,3421.0,3449.0,457031
2024-03-25,3469.5,3543.0,3455.5,3542.5,297712
2024-03-26,3549.5,3643.0,3545.0,3630.5,670340
2024-03-27,3635.0,3705.0,3612.5,3702.5,432780
2024-03-28,3707.0,3834.0,3700.0,3794.0,775656
2024-03-29,3802.0,3807.5,3707.5,3789.0,502260
2024-04-01,3809.0,3904.0,3800.0,3874.5,628422
2024-04-02,3876.0,3907.5,3815.0,3845.5,532235
2024-04-03,3845.0,3850.0,3737.5,3788.0,443149
2024-04-04,3784.5,3891.5,3755.0,3858.0,410762
2024-04-05,3856.0,3919.0,3825.5,3866.5,422755
2024-04-08,3884.0,3928.5,3794.0,3838.0,569845
2024-04-09,3844.0,3855.0,3720.5,3751.5,769554
2024-04-10,3756.0,3820.0,3700.5,3797.0,547551
2024-04-11,3807.0,3814.5,3740.0,3753.0,219917
2024-04-12,3756.0,3763.0,3682.5,3713.0,585788
2024-04-15,3714.0,3838.0,3714.0,3831.5,531714
2024-04-16,3849.5,3869.5,3803.5,3848.0,322773
2024-04-17,3848.0,3921.0,3818.5,3882.5,445347
2024-04-18,3901.0,4004.5,3883.5,3990.0,919022
2024-04-19,4001.0,4111.0,3951.0,4086.0,810518
2024-04-22,4100.5,4198.0,4071.0,4169.0,524154
2024-04-23,4180.0,4204.0,4071.5,4090.0,423035
2024-04-24,4090.0,4104.0,3987.0,4007.5,640013
2024-04-25,4018.0,4175.0,4018.0,4164.5,653316
2024-04-26,4164.0,4270.0,4131.5,4227.5,675610
2024-04-27,4229.0,4267.5,4192.5,4256.5,274521
2024-04-29,4259.0,4369.0,4259.0,4358.5,389044
2024-04-30,4361.5,4404.0,4301.0,4364.0,400360
2024-05-02,4385.0,4385.0,4266.5,4316.0,357264
2024-05-03,4315.5,4365.0,4237.0,4352.0,440126
2024-05-06,4351.5,4480.5,4350.0,4443.0,683179
2024-05-07,4448.0,4589.5,4448.0,4577.5,778051
2024-05-08,4585.0,4658.0,4476.0,4530.0,1538309
2024-05-10,4518.0,4530.0,4428.0,4489.0,501011
2024-05-13,4492.0,4610.0,4491.5,4600.0,599368
2024-05-14,4583.5,4608.5,4540.0,4574.0,359977
2024-05-15,4574.0,4607.0,4504.0,4544.0,341531
2024-05-16,4551.0,4556.5,4457.5,4511.5,267861
2024-05-17,4509.5,4649.5,4485.0,4628.0,503833
2024-05-20,4650.0,4725.5,4576.0,4642.0,595481
2024-05-21,4642.0,4677.5,4581.0,4620.5,295245
2024-05-22,4610.5,4685.5,4585.0,4673.0,216039
2024-05-23,4680.0,4689.0,4610.0,4641.0,244195
2024-05-24,4640.5,4674.0,4482.5,4532.0,492900
2024-05-27,4516.0,4516.0,4322.0,4355.0,977082
2024-05-28,4346.5,4528.5,4241.0,4440.5,951777
2024-05-29,4445.0,4475.0,4341.0,4425.0,343108
2024-05-30,4435.0,4459.5,4275.0,4285.5,320611
2024-05-31,4300.0,4322.5,4069.0,4154.5,1290911
2024-06-03,4190.0,4240.0,3957.0,4106.5,1106188
2024-06-04,4108.0,4419.0,4069.0,4401.5,1320190
2024-06-05,4434.0,4497.5,4323.5,4400.0,1173434
2024-06-06,4403.0,4475.0,4361.0,4408.0,511607
2024-06-07,4410.0,4698.0,4400.0,4631.0,1390406
2024-06-10,4650.0,4779.5,4468.0,4540.0,1401341
2024-06-11,4552.5,4645.0,4463.0,4556.0,988577
2024-06-13,4237.0,4546.0,4154.5,4500.0,893539
2024-06-14,4515.5,4533.5,4460.0,4509.5,314262
2024-06-17,4506.5,4564.0,4433.5,4455.5,279923
2024-06-18,4442.0,4456.5,4223.0,4235.5,586490
2024-06-19,4229.5,4334.0,3919.5,4064.5,1916060
2024-06-20,4079.5,4269.5,3990.0,4260.0,1479813
2024-06-21,4289.5,4395.0,4242.5,4349.5,759095
2024-06-24,4356.0,4410.0,4272.0,4291.0,491534
2024-06-25,4292.5,4329.0,4201.0,4328.5,490798
2024-06-26,4330.5,4370.5,4300.0,4319.0,290915
2024-06-27,4319.5,4330.0,4218.0,4271.0,430850
2024-06-28,4271.5,4333.5,4237.5,4308.0,257228
2024-07-01,4318.5,4327.0,4273.0,4305.0,241881
2024-07-02,4310.0,4318.5,4202.0,4225.0,361675
2024-07-03,4221.0,4221.0,4105.0,4125.0,728985
2024-07-04,4110.0,4143.5,4004.5,4017.0,509579
2024-07-05,4014.0,4107.0,3965.0,4090.5,636272
2024-07-08,4101.0,4135.0,3970.5,3999.5,547942
2024-07-09,3999.0,4007.0,3750.0,3778.0,918218
2024-07-10,3780.0,3842.0,3512.5,3514.0,1598832
2024-07-11,3528.0,3863.0,3527.0,3842.0,2438177
2024-07-12,3849.0,3877.5,3730.0,3841.5,1305950
2024-07-15,3847.0,3859.5,3627.5,3683.0,1134512
2024-07-16,3685.0,3898.5,3608.5,3887.0,1453201
2024-07-17,3898.5,3931.0,3810.0,3827.0,1254260
2024-07-18,3825.0,3914.0,3765.0,3900.0,871621
2024-07-19,3912.5,3972.5,3860.0,3941.0,746796
2024-07-22,3975.0,4018.0,3941.5,3976.0,572187
2024-07-23,3976.0,3985.0,3905.5,3920.0,382786
2024-07-24,3914.0,3998.0,3865.0,3987.5,500960
2024-07-25,3986.5,3998.0,3944.0,3985.0,254532
2024-07-26,3991.0,4094.5,3791.0,3828.5,1961467
2024-07-29,3798.5,3800.0,3671.5,3709.0,766952
2024-07-30,3704.5,3795.0,3682.5,3768.0,509894
2024-07-31,3771.0,3865.0,3755.5,3860.0,561503
2024-08-01,3861.0,3862.5,3733.0,3754.0,508288
2024-08-02,3751.0,3770.0,3685.0,3732.5,526600
2024-08-05,3645.5,3657.5,3559.0,3580.0,1162463
2024-08-06,3629.5,3670.0,3569.5,3639.5,527317
2024-08-07,3635.5,3723.0,3570.0,3694.5,775193
2024-08-08,3723.0,3725.0,3620.0,3639.0,534374
2024-08-09,3629.5,3685.0,3610.0,3663.5,296032
2024-08-12,3648.5,3668.0,3608.5,3655.0,318253
2024-08-13,3664.5,3697.0,3650.0,3666.0,265894
2024-08-14,3669.5,3686.5,3606.0,3615.0,248880
2024-08-15,3610.0,3620.0,3505.0,3519.5,577244
2024-08-16,3525.5,3539.0,3423.0,3445.0,541719
2024-08-19,3467.0,3470.0,3346.0,3399.5,1087824
2024-08-20,3397.0,3438.0,3337.0,3350.0,610747
2024-08-21,3349.5,3429.0,3261.5,3428.0,918692
2024-08-22,3423.0,3488.5,3292.0,3332.0,920471
2024-08-23,3331.0,3370.0,3221.0,3300.0,869107
2024-08-26,3394.5,3450.0,3326.5,3382.5,610464
2024-08-27,3387.0,3396.0,3270.0,3304.5,387743
2024-08-28,3299.0,3299.0,3150.0,3183.0,719419
2024-08-29,3193.5,3215.0,3102.0,3178.0,767483
2024-08-30,3182.0,3195.5,3010.0,3011.0,702895
2024-09-02,2975.5,2981.0,2825.0,2854.5,1406557
2024-09-03,2872.5,2962.0,2830.0,2918.0,1204519
2024-09-04,2921.5,3139.0,2880.0,3116.5,917910
2024-09-05,3149.0,3257.0,3070.0,3117.0,1262314
2024-09-06,3094.0,3170.5,3013.5,3150.0,1009849
2024-09-09,3192.0,3370.0,3163.0,3367.0,916746
2024-09-10,3359.0,3379.0,3225.0,3251.0,1089590
2024-09-11,3256.0,3278.0,3135.5,3157.5,876263
2024-09-12,3145.0,3158.0,3039.0,3120.0,1002517
2024-09-13,3111.0,3291.5,2960.0,3290.0,2283225
2024-09-16,3309.5,3374.0,3262.0,3342.5,992132
2024-09-17,3351.0,3425.0,3263.0,3405.5,950754
2024-09-18,3407.5,3431.0,3272.5,3290.0,1030320
2024-09-19,3295.0,3355.0,3245.0,3320.0,801762
2024-09-20,3320.5,3379.0,3315.0,3361.0,560292
2024-09-23,3374.0,3485.0,3361.0,3479.0,767555
2024-09-24,3497.0,3513.0,3408.0,3448.5,592715
2024-09-25,3448.5,3451.0,3330.0,3341.0,620728
2024-09-26,3333.0,3333.5,3230.5,3259.5,732410
2024-09-27,3274.0,3391.5,3252.0,3380.0,546264
2024-09-30,3388.5,3409.0,3282.0,3298.0,615893
2024-10-01,3292.0,3312.5,3223.0,3281.0,605038
2024-10-02,3290.0,3325.0,3163.5,3182.0,618952
2024-10-03,3178.0,3220.0,3105.0,3196.0,881279
2024-10-04,3197.0,3235.0,3172.0,3201.5,407112
2024-10-07,3202.5,3215.0,3145.0,3180.0,390623
2024-10-08,3172.5,3172.5,3108.0,3118.0,519189
2024-10-09,3112.0,3119.5,3015.0,3056.5,735880
2024-10-10,3057.0,3073.5,3015.0,3037.5,302017
2024-10-11,3039.5,3049.0,3002.5,3020.0,383063
2024-10-14,3009.0,3118.5,2981.0,3092.5,674530
2024-10-15,3080.5,3158.5,3067.5,3138.0,606102
2024-10-16,3145.0,3178.5,3079.0,3080.5,560237
2024-10-17,3075.0,3088.0,3034.0,3054.0,493726
2024-10-18,3048.5,3085.0,3044.0,3076.0,305446
2024-10-21,3081.0,3093.0,3025.0,3031.0,323148
2024-10-22,3023.0,3040.0,3007.0,3029.5,312819
2024-10-23,3029.0,3045.0,2979.0,2980.5,508578
2024-10-24,2978.5,3034.0,2955.0,3015.0,483418
2024-10-25,3014.0,3042.0,2871.5,2873.0,1262221
2024-10-28,2808.0,2845.0,2720.0,2747.5,837370
2024-10-29,2756.5,2783.5,2677.5,2760.5,832558
2024-10-30,2773.0,2789.0,2682.0,2686.0,589228
2024-10-31,2671.0,2679.0,2611.5,2659.5,693035
2024-11-01,2656.5,2700.0,2628.5,2675.5,517041
2024-11-02,2678.0,2689.5,2645.0,2668.5,173760
2024-11-05,2690.0,2730.0,2683.0,2729.0,370376
2024-11-06,2805.5,2957.0,2804.5,2892.0,3152654
2024-11-07,2890.0,3052.0,2864.5,3048.5,1927456
2024-11-08,3049.0,3295.0,3000.5,3288.0,2875047
2024-11-11,3306.0,3354.5,3184.0,3244.5,2620978
2024-11-12,3221.0,3244.0,3178.0,3206.0,1028814
2024-11-13,3190.0,3365.5,3175.0,3268.5,2405084
2024-11-14,3262.5,3328.0,3246.0,3307.5,1433981
2024-11-15,3313.0,3468.5,3292.5,3458.5,1662917
2024-11-18,3310.5,3426.5,3283.0,3342.0,2008573
2024-11-19,3351.5,3367.0,3211.0,3242.5,1927862
2024-11-20,3252.0,3278.0,3105.5,3147.0,1800720
2024-11-21,3139.5,3157.0,2951.5,3107.5,2789082
2024-11-22,3116.5,3124.5,3055.0,3077.5,1159130
2024-11-25,3064.0,3072.5,2713.5,2801.5,3335987
2024-11-26,2790.5,2793.5,2612.0,2739.0,2869742
2024-11-27,2742.0,2995.0,2647.0,2968.5,4900635
2024-11-28,2973.0,3048.0,2865.0,2953.0,2413854
2024-11-29,2920.0,3004.0,2892.0,2934.0,1036179
2024-12-02,2935.0,2993.5,2843.5,2871.5,1029198
2024-12-03,2869.0,2874.5,2713.0,2730.5,1706307
2024-12-04,2726.0,2786.5,2626.0,2674.5,1584744
2024-12-05,2680.0,2845.0,2657.5,2815.0,2338790
2024-12-06,2818.5,2886.5,2780.0,2878.0,1516681
2024-12-09,2917.0,2924.5,2854.0,2872.5,1083736
2024-12-10,2857.0,2859.5,2773.5,2775.5,1074420
2024-12-11,2755.5,2840.0,2744.0,2819.0,972182
2024-12-12,2786.0,2792.0,2659.0,2662.0,2350849
2024-12-13,2647.5,2685.0,2642.5,2668.0,807538
2024-12-16,2663.5,2664.5,2531.0,2546.0,1809288
2024-12-17,2551.0,2595.0,2526.5,2574.0,1030647
2024-12-18,2573.5,2626.5,2543.0,2590.0,782430
2024-12-19,2595.0,2598.5,2453.5,2494.0,1687921
2024-12-20,2488.5,2843.5,2458.0,2830.0,2711792
2024-12-23,2865.5,3101.0,2865.0,2988.0,2536148
2024-12-24,2990.5,2993.0,2908.0,2935.0,882773
2024-12-25,2908.5,3030.0,2842.0,3002.0,1371762
2024-12-26,3009.5,3168.0,2992.0,3100.0,1824371
2024-12-27,3127.5,3147.5,2955.5,3070.0,1938058
2024-12-28,3080.0,3125.5,3053.0,3124.5,599426
2024-12-30,3135.5,3375.0,3133.5,3301.0,995409
2025-01-03,3293.5,3293.5,3135.0,3193.5,454069
2025-01-06,3160.5,3170.0,3103.5,3169.0,220007
2025-01-08,3144.0,3193.5,3129.0,3152.5,220231
2025-01-09,3152.0,3177.0,3028.0,3069.5,443159
2025-01-10,3064.0,3216.0,3064.0,3192.0,421344
2025-01-13,3246.0,3340.0,3128.0,3160.0,687745
2025-01-14,3138.0,3214.0,3095.5,3170.0,314301
2025-01-15,3157.5,3240.0,3080.5,3190.0,459482
2025-01-16,3206.0,3290.0,3192.0,3273.0,482768
2025-01-17,3275.0,3593.5,3246.0,3485.0,1021305
2025-01-20,3512.5,3570.5,3340.0,3357.0,809577
2025-01-21,3393.5,3480.0,3328.0,3468.0,382927
2025-01-22,3481.0,3577.0,3412.0,3422.0,631692
2025-01-23,3416.0,3568.0,3401.5,3563.5,338818
2025-01-24,3548.0,3600.0,3416.0,3511.5,723113
2025-01-27,3509.5,3509.5,3395.0,3429.0,251023
2025-01-28,3427.5,3526.0,3347.0,3510.5,356335
2025-01-29,3494.0,3582.0,3462.0,3492.0,382660
2025-01-30,3503.0,3639.0,3490.5,3619.5,668276
2025-01-31,3635.5,3659.0,3498.5,3514.0,700976
2025-02-03,3498.5,3540.0,3430.0,3529.0,266389
2025-02-04,3533.5,3567.5,3413.0,3448.0,280103
2025-02-05,3454.5,3624.5,3433.0,3585.0,406157
2025-02-06,3586.0,3635.0,3528.0,3584.0,313439
2025-02-07,3596.0,3658.0,3530.0,3560.5,405706
2025-02-10,3601.0,3696.5,3580.5,3615.0,488827
2025-02-11,3642.0,3732.5,3605.0,3717.5,439393
2025-02-12,3745.5,4048.0,3720.5,4002.0,1575083
2025-02-13,4058.0,4063.5,3880.5,3914.5,482526
2025-02-14,3970.5,4029.5,3777.0,3864.5,532834
2025-02-17,3967.0,4110.0,3948.0,4102.0,614664
2025-02-18,4063.0,4070.0,3846.0,3915.0,555471
2025-02-19,3951.5,4073.0,3854.5,4032.5,397306
2025-02-20,4046.5,4053.0,3940.5,3989.5,453166
2025-02-21,4008.0,4088.0,3977.0,4081.0,500817
2025-02-24,4101.5,4180.0,4096.5,4110.0,641094
2025-02-25,4144.0,4210.0,4133.5,4191.5,449173
2025-02-26,4199.0,4254.0,4032.0,4094.0,905923
2025-02-27,4087.0,4147.0,3929.5,3962.5,1078034
2025-02-28,3975.5,4050.0,3700.0,3949.5,1281266
2025-03-03,3875.0,3934.5,3825.0,3915.5,344903
2025-03-04,3940.0,4107.0,3940.0,4065.0,445605
2025-03-05,4034.0,4095.0,4003.0,4030.0,285142
2025-03-06,4034.0,4060.0,3975.0,4019.0,184129
2025-03-07,4044.5,4085.0,3970.5,4011.0,214241
2025-03-10,4018.0,4038.5,3944.0,3964.5,135709
2025-03-11,3950.0,4067.5,3925.5,4024.5,246207
2025-03-12,4016.0,4033.0,3963.0,3988.5,115448
2025-03-13,3960.0,4024.5,3825.0,3950.0,423258
2025-03-14,3942.5,3989.0,3894.0,3928.0,173144
2025-03-17,3999.5,4040.5,3968.0,4026.0,182557
2025-03-18,4035.5,4043.5,3970.0,3975.5,192825
2025-03-19,3981.0,4025.0,3907.0,3995.0,161950
2025-03-20,4000.0,4024.0,3956.5,3994.0,94604
2025-03-21,3989.5,4015.5,3954.0,3968.0,77106
2025-03-24,3958.0,3969.5,3885.0,3898.0,110970
2025-03-25,3944.5,3950.0,3850.0,3920.0,125093
2025-03-26,3919.5,3935.0,3870.0,3875.0,84869
2025-03-27,3862.0,3868.0,3750.0,3762.0,231268
2025-03-28,3760.0,3794.5,3536.0,3538.5,386771
2025-03-31,3584.0,3779.0,3569.5,3773.5,346566
2025-04-01,3802.0,3894.5,3629.0,3651.0,561899
2025-04-02,3672.0,3780.0,3660.5,3716.5,268442
2025-04-03,3720.0,3768.0,3600.0,3721.0,186454
2025-04-04,3722.0,3760.0,3470.0,3486.5,334459
2025-04-07,3353.0,3526.5,3316.0,3470.0,411049
2025-04-08,3514.5,3568.5,3333.0,3387.5,294645
2025-04-09,3387.5,3599.0,3206.0,3579.0,490299
2025-04-10,3596.0,3599.0,3418.5,3485.0,202629
2025-04-11,3571.0,3576.0,3505.0,3542.5,154698
2025-04-14,3558.5,3576.5,3460.0,3474.0,110988
2025-04-15,3492.0,3545.5,3472.5,3524.5,87822
2025-04-16,3482.5,3643.5,3465.0,3582.5,175522
2025-04-17,3613.5,3646.0,3582.5,3631.0,126563
2025-04-18,3602.5,3614.5,3466.0,3549.0,144543
2025-04-21,3565.5,3650.0,3565.5,3635.5,124090
2025-04-22,3666.5,3725.5,3610.0,3656.5,132033
2025-04-23,3621.0,3690.0,3542.0,3673.5,190498
2025-04-24,3681.0,3794.0,3681.0,3718.5,161996
2025-04-25,3745.5,3809.0,3720.5,3757.0,194283
2025-04-28,3757.0,3809.0,3707.0,3770.0,156433
2025-04-29,3816.5,3836.0,3740.0,3774.5,231277
2025-04-30,3755.0,3893.0,3701.0,3749.5,166545
2025-05-02,3716.0,3716.0,3540.0,3540.0,150485
2025-05-05,3552.5,3587.5,3468.0,3558.5,139573
2025-05-06,3537.0,3700.0,3537.0,3643.0,153928
2025-05-07,3646.5,3678.5,3604.0,3614.5,79310
2025-05-08,3651.0,3669.5,3607.0,3628.0,26819
2025-05-12,3757.0,3763.5,3576.0,3614.0,161279
2025-05-13,3631.0,3644.5,3585.0,3600.0,69460
2025-05-14,3600.0,3619.5,3520.0,3527.5,76854
2025-05-15,3542.0,3563.0,3502.0,3554.5,88540
2025-05-16,3548.5,3602.0,3456.0,3551.5,195515
2025-05-19,3575.5,3596.5,3512.5,3532.0,114335
2025-05-20,3544.5,3556.0,3484.0,3523.0,76746
2025-05-21,3506.0,3542.5,3492.5,3517.5,64274
2025-05-22,3492.0,3572.5,3465.5,3516.0,103013
2025-05-23,3522.5,3563.0,3495.5,3529.0,54267
2025-05-26,3489.5,3497.5,3331.0,3443.0,125014
2025-05-27,3466.0,3577.5,3456.5,3553.5,129127
2025-05-28,3575.5,3709.5,3571.0,3698.0,168715
2025-05-29,3687.0,3784.5,3668.5,3677.0,197590
2025-05-30,3699.5,3750.0,3622.5,3696.0,101193
2025-06-02,3660.5,3792.5,3645.0,3738.0,149647
2025-06-03,3767.5,3843.5,3757.5,3843.0,124438
2025-06-04,3850.0,3960.0,3790.0,3867.0,239263
2025-06-05,3903.5,4050.0,3887.5,4000.0,317875
2025-06-06,4005.5,4095.0,3849.5,3854.5,402509
2025-06-09,3828.5,3874.0,3730.0,3763.5,125511
2025-06-10,3778.0,3799.5,3673.5,3700.0,112252
2025-06-11,3713.0,3740.0,3666.5,3671.0,85741
2025-06-13,3678.0,3698.0,3654.5,3656.0,29300
2025-06-16,3670.0,3790.0,3659.0,3752.0,140539
2025-06-17,3752.0,3821.5,3747.0,3782.5,73872
2025-06-18,3791.5,3812.5,3762.0,3775.5,47204
2025-06-19,3782.0,3785.5,3719.5,3745.5,45983
2025-06-20,3747.0,3769.0,3723.5,3726.5,53090
2025-06-23,3718.0,3765.5,3675.0,3714.0,81475
2025-06-24,3714.0,3773.0,3654.5,3765.0,94627
2025-06-25,3758.0,3938.5,3758.0,3914.5,306152
2025-06-26,3913.0,3922.0,3878.0,3889.5,80069
2025-06-27,3886.0,3909.0,3870.5,3900.5,65059
2025-06-30,3900.5,3981.0,3892.5,3967.0,110068
2025-07-01,3972.5,3995.0,3941.0,3944.0,113188
2025-07-02,3944.0,3985.0,3876.0,3970.5,81396
2025-07-03,3991.0,4062.5,3955.5,3963.0,153564
2025-07-04,3941.0,3978.5,3911.5,3933.0,60789
2025-07-07,3895.5,3928.0,3886.0,3893.0,44058
2025-07-08,3884.0,3968.0,3863.0,3883.5,115466
2025-07-09,3906.0,3923.5,3804.0,3861.0,143514
2025-07-10,3869.0,3998.0,3827.0,3898.5,129872
2025-07-11,3870.5,3900.0,3777.5,3801.0,165996
2025-07-14,3779.0,3970.0,3749.5,3956.0,194636
2025-07-15,3973.0,4100.0,3965.0,4062.5,229283
2025-07-16,4062.5,4150.0,4062.0,4133.0,151705
2025-07-17,4133.0,4169.5,4062.5,4090.0,87053
2025-07-18,4091.0,4205.0,4091.0,4198.5,138875
2025-07-21,4190.5,4300.0,4172.5,4254.5,219133
2025-07-22,4246.0,4248.5,4182.0,4226.0,72737
2025-07-23,4227.0,4327.5,4227.0,4279.5,157508
2025-07-24,4280.0,4313.0,4188.5,4228.0,115361
2025-07-25,4235.5,4380.0,4191.5,4253.5,320911
2025-07-28,4239.0,4346.0,4221.5,4270.0,278037
2025-07-29,4276.5,4331.0,4243.5,4261.0,174511
2025-07-30,4262.5,4328.5,4011.0,4060.0,722379
2025-07-31,4060.0,4187.5,4052.0,4178.0,264513
2025-08-01,4176.5,4206.5,4156.0,4184.5,101985
2025-08-04,4175.5,4195.5,4135.0,4179.0,85563
2025-08-05,4180.5,4230.0,4135.0,4216.5,159582
2025-08-06,4210.5,4350.0,4210.5,4275.5,166603
2025-08-07,4359.0,4479.0,4280.0,4361.5,658218
2025-08-08,4368.5,4464.0,4340.5,4448.0,205228
2025-08-11,4474.0,4499.0,4369.5,4424.0,143336
2025-08-12,4417.0,4419.5,4347.5,4369.5,102933
2025-08-13,4386.5,4389.0,4310.5,4321.0,96334
2025-08-14,4324.5,4448.5,4285.5,4423.0,146143
2025-08-15,4420.0,4500.0,4393.0,4455.0,136214
2025-08-18,4409.0,4449.0,4377.0,4448.0,105210
2025-08-19,4454.0,4575.0,4448.0,4476.5,205030
2025-08-20,4480.5,4490.5,4430.0,4443.0,80998
2025-08-21,4423.5,4452.5,4362.5,4379.0,88474
2025-08-22,4381.0,4420.0,4361.0,4396.0,87138
2025-08-25,4385.0,4458.5,4366.0,4417.5,104045
2025-08-26,4445.0,4454.5,4397.0,4430.0,37106
2025-08-27,4423.0,4442.5,4415.0,4430.0,20297
2025-08-28,4437.5,4454.0,4350.0,4386.0,70910
2025-08-29,4386.0,4410.0,4371.5,4392.5,31666
2025-09-01,4396.0,4410.0,4286.5,4318.0,119719
2025-09-02,4314.0,4360.0,4288.0,4324.5,93318
2025-09-03,4323.0,4355.0,4301.0,4350.5,43644
2025-09-04,4365.0,4396.5,4275.0,4323.0,122888
2025-09-05,4323.0,4338.0,4252.5,4315.5,87490
2025-09-08,4315.5,4352.0,4314.5,4350.5,46722
2025-09-09,4355.0,4406.0,4331.5,4345.0,76636
2025-09-10,4324.0,4479.5,4311.0,4333.5,88020
2025-09-11,4350.0,4408.0,4310.0,4378.5,70135
2025-09-12,4378.0,4407.0,4217.0,4276.5,138606
2025-09-15,4276.5,4300.0,4129.5,4198.0,73416
2025-09-16,4222.5,4229.5,4055.0,4127.5,321579
2025-09-17,4100.0,4133.0,3982.0,4075.5,234755
2025-09-18,4050.0,4132.0,4018.5,4081.5,100927
2025-09-19,4081.0,4150.0,4081.0,4112.0,206468
2025-09-22,4092.0,4400.0,4068.0,4135.0,286798
2025-11-11,3898.5,4120.0,3810.0,4018.5,4465178
2025-11-12,4030.0,4047.0,3923.5,3964.0,811581
2025-11-13,3971.5,4051.5,3963.0,3986.5,705885
2025-11-14,3989.5,3995.0,3885.5,3914.0,449520
2025-11-15,3916.5,3940.0,3903.5,3913.5,23653
2025-11-16,3915.0,3930.0,3908.0,3920.5,11587
2025-11-17,3919.5,3920.0,3785.0,3785.5,510834
2025-11-18,3785.5,3873.0,3751.0,3791.0,877184
2025-11-19,3813.0,3929.5,3795.5,3859.0,531926
2025-11-20,3864.5,3900.0,3805.0,3879.5,495970
2025-11-21,3897.0,3900.0,3805.5,3867.0,506405
2025-11-24,3873.0,3896.5,3662.5,3709.0,1162981
2025-11-25,3711.0,3751.0,3674.5,3702.5,663624
2025-11-26,3700.0,3724.5,3683.5,3689.0,339081
2025-11-27,3706.0,3730.5,3670.5,3697.0,390961
2025-11-28,3697.0,3709.5,3678.5,3693.5,325586
2025-11-29,3695.0,3705.0,3693.5,3699.0,14003
2025-11-30,3700.5,3710.5,3700.0,3709.5,25578
2025-12-01,3709.0,3769.5,3691.0,3742.0,438806
2025-12-02,3748.0,3815.0,3741.5,3808.0,425741
2025-12-03,3770.5,3855.0,3751.0,3836.0,352740
2025-12-04,3848.5,3997.0,3837.0,3985.5,985001
2025-12-05,3985.5,4048.0,3964.0,4031.5,605807
2025-12-08,4038.0,4118.0,3955.5,3996.5,956129
2025-12-09,3990.0,4090.0,3980.0,4078.0,528777
2025-12-10,4086.0,4122.0,4053.5,4105.5,614603
2025-12-11,4110.5,4134.5,4075.0,4096.0,444594
2025-12-12,4101.5,4109.5,4050.5,4061.5,340517
2025-12-13,4062.0,4091.0,4062.0,4090.0,18493
2025-12-14,4090.5,4095.0,4073.5,4087.5,16303
2025-12-15,4093.0,4133.0,4085.5,4109.0,288211
2025-12-16,4110.0,4138.0,4104.0,4133.0,303700
2025-12-17,4137.0,4160.0,4068.0,4130.0,383289
2025-12-18,4131.0,4237.5,4116.0,4222.0,1016294
2025-12-19,4223.0,4269.0,4144.5,4192.5,731876
2025-12-22,4067.0,4194.5,4053.0,4110.0,718614
2025-12-23,4108.5,4250.0,4089.0,4178.5,547195
2025-12-24,4189.0,4240.0,4146.5,4206.0,349528
2025-12-25,4218.5,4347.0,4195.0,4338.0,876298
2025-12-26,4333.0,4480.0,4330.5,4480.0,730192
2025-12-27,4479.5,4571.0,4466.0,4541.0,260961
2025-12-28,4541.5,4566.5,4495.5,4530.0,123900
2025-12-29,4530.5,4611.0,4451.0,4510.0,798462
2025-12-30,4520.0,4535.0,4488.0,4519.0,315452
2026-01-05,4515.0,4515.5,4414.5,4442.0,207102
2026-01-06,4447.5,4470.0,4380.5,4384.5,152888
2026-01-08,4369.5,4369.5,4265.0,4296.0,288807
2026-01-09,4297.5,4385.0,4291.0,4382.0,177858
2026-01-12,4382.0,4513.5,4357.5,4504.5,485186
2026-01-13,4506.0,4549.0,4395.0,4428.0,386504
2026-01-14,4433.0,4450.0,4352.5,4383.0,501660
2026-01-15,4385.5,4430.0,4366.5,4421.5,322137
2026-01-16,4426.5,4462.0,4415.0,4434.5,416877
2026-01-17,4434.5,4460.0,4432.5,4450.5,19552
2026-01-18,4450.5,4470.0,4446.5,4470.0,15680
2026-01-19,4476.0,4520.0,4445.0,4481.0,364810
2026-01-20,4498.5,4515.0,4426.0,4441.0,310327
2026-01-21,4444.0,4532.5,4412.0,4523.0,405256
2026-01-22,4528.5,4555.0,4485.5,4512.0,445905
2026-01-23,4508.5,4580.0,4501.5,4560.5,282437
2026-01-24,4562.0,4582.0,4536.5,4563.0,52619
2026-01-25,4563.0,4588.0,4559.5,4574.5,44704
2026-01-26,4575.0,4636.0,4515.5,4611.5,428998
2026-01-27,4611.5,4752.5,4592.5,4713.0,626513
2026-01-28,4713.5,4770.0,4700.0,4706.0,469266
2026-01-29,4710.0,4768.0,4700.0,4731.0,464362
2026-01-30,4731.0,4826.0,4617.5,4652.0,979629
