,OPEN,HIGH,LOW,CLOSE,VOL,log_ret,sma20,sma50,sma200,price_vs_sma20,RSI14,STOCHK,BBpctb,BBwidth,MACDnorm,ATRnorm,vol_std5,vol_std20,har_d,har_w,har_m,rv_park5,ret_sq_lag1,sign_lag1,ret_abs_ma5,ret_abs_ma20,OBV_z,month_sin,month_cos,dow_sin,dow_cos,is_month_end,is_quarter_end,is_friday,is_march,is_july,is_oct,in_crisis,sentiment_score,news_count,has_news,sentiment_trend_3,sentiment_volatility
OPEN,1.0,0.9977343237262857,0.9977284616292238,0.9959090065670548,0.07390853064565314,-0.01673368506965171,0.9778686711166588,0.9319374278675184,0.6507092043794578,0.10840954815694567,0.13291528515454068,0.04399996063536562,0.08169630409379038,-0.2596715158189899,-0.07330021479645488,-0.3298345165820942,-0.2770225381989346,-0.3655199566697786,-0.11422351690583929,-0.26740999231838897,-0.362217213430993,-0.28248451842797,-0.11422351690583929,0.062379122597933864,-0.24715421311368135,-0.3106015795352644,0.0926574881270938,0.10458997274892294,-0.13002602749062234,0.005455999981011583,0.03188951973052573,-0.020392683869430505,-0.01777235833353688,-0.004187185707767906,0.07204480369461777,0.055345129148699185,-0.12374748495892797,-0.618739252866957,0.059025526499152166,-0.051118050693430554,-0.05081723008283589,0.04117477276164908,-0.04587964482915005
HIGH,0.9977343237262857,1.0,0.9965931554859948,0.9979600176868938,0.09649138056139708,0.019047559435696432,0.9770840632103914,0.9319111041702403,0.6537465483992158,0.11947842930414464,0.1434363102936661,0.05908390056098231,0.09592000414842006,-0.24631433721571983,-0.06841444049177818,-0.3195755042213523,-0.25625178276470995,-0.35143182748478724,-0.10194866214003333,-0.2520670724467419,-0.3504635702204272,-0.2603007578492085,-0.10194866214003333,0.06411443691635524,-0.22574440814634966,-0.29613420061593826,0.10521897405701401,0.11193079030032735,-0.12582757302698722,0.006885951816508341,0.0309590274793845,-0.01828395207042919,-0.013742109972266684,-0.0056866329590087045,0.07181728330263387,0.05317682251339823,-0.12998675226866568,-0.6205257741295398,0.06109508766268825,-0.052857190742509406,-0.052655058952061407,0.04476571398928042,-0.04333421757008168
LOW,0.9977284616292238,0.9965931554859948,1.0,0.9979448339068051,0.05344489517503238,0.023836935715566533,0.9747321303602476,0.9284422214930212,0.6450639571003215,0.12578662432832166,0.14932572027335506,0.06499950986916984,0.10148965010957672,-0.2734914758714736,-0.06237168573930821,-0.34935469278166603,-0.2941382475385244,-0.3802065344506957,-0.12644049837249888,-0.2808551462386923,-0.3750671714559526,-0.30444700751184106,-0.12644049837249888,0.0645013735880175,-0.26548347679897655,-0.3257829904829038,0.11074210351228994,0.10123066684131996,-0.12876435670570677,0.006549998898091829,0.03248126475983143,-0.01954298990185376,-0.01604016064525405,-0.006984902145412568,0.07265996348312444,0.05625049657759728,-0.12024876142634428,-0.6179914547019633,0.06255959538874901,-0.053437233916195176,-0.053185597056694435,0.04190222317556021,-0.048686103580594
CLOSE,0.9959090065670548,0.9979600176868938,0.9979448339068051,1.0,0.07562339784715812,0.05526141997158187,0.9747359651000886,0.928525057133149,0.6461319524021107,0.13407946117401282,0.15779133537723097,0.07806068720615053,0.11204119746465102,-0.26043172511146634,-0.06119135237305598,-0.33660153343347105,-0.273076683961861,-0.36456208688096664,-0.11282539053916059,-0.26586043743130566,-0.36182286608879183,-0.282468722010567,-0.11282539053916059,0.06324060624306309,-0.244119231457627,-0.30991542002725303,0.11965026686776485,0.10861380459732815,-0.1275121859598538,0.006768174389893692,0.03183930278477162,-0.01620002712363019,-0.011605730839221054,-0.0070331843063714755,0.07385656110016005,0.05390339295280897,-0.12726739200333376,-0.6187807867084506,0.06098942772586987,-0.053727167836342515,-0.05344646446705892,0.042576898556966135,-0.0479504181333071
VOL,0.07390853064565314,0.09649138056139708,0.05344489517503238,0.07562339784715812,1.0,0.019269508278483245,0.08890941601506759,0.11270147053229448,0.23190117942588392,0.015073899486120023,-0.0066863982698521516,0.03598086061542878,0.034639740825742636,0.43782555390485106,0.007205477826991027,0.25281009961669965,0.44311908085920404,0.32635056888690117,0.3329474947438384,0.3783641027016859,0.29400439111040105,0.40348078109647945,0.3329474947438384,0.04580420363111121,0.4940780778627159,0.3768082223734265,0.009642308444889905,-0.03613191609341969,0.1563436122067847,0.04361088062602503,-0.008355623131884328,0.0049121051691405244,-0.00046191953530226,-0.04068355578214283,-0.05382608041596031,-0.036108037758825144,-0.01051313314608608,-0.1917011615570492,-0.057066646963203786,0.05166401113362669,0.05030426809436111,-0.007501171502611441,0.01715856721152635
log_ret,-0.01673368506965171,0.019047559435696432,0.023836935715566533,0.05526141997158187,0.019269508278483245,1.0,-0.018830695784319666,-0.029431271671009947,-0.07815785623155384,0.3491556219556394,0.3356949957997936,0.45053371651602653,0.40060853615892383,-0.018945791646359834,0.15677573906679923,-0.09971160471086857,0.02993892647869919,-0.010716633503898258,-0.013852658541756723,-0.006679220797143088,-0.019026441656775188,-0.031088858998238867,-0.013852658541756723,-0.007555261020881014,0.005965015705802118,-0.01705445450235059,0.38988060914458395,0.03952317836279465,1.5201805722148784e-05,0.02590247789215977,0.044944373531491257,0.02663274514159768,0.03397969129268659,-0.03178104966546054,0.01690768913732982,0.03057988022681191,-0.0412679028827363,-0.016951347236214914,0.09227334143604543,-0.05177088206450943,-0.05191932769598716,0.00939031897071481,-0.020455051143446902
sma20,0.9778686711166588,0.9770840632103914,0.9747321303602476,0.9747359651000886,0.08890941601506759,-0.018830695784319666,1.0,0.9685843258974572,0.6959372783393671,-0.057802859052811184,-0.02262581086604833,-0.09885892958890158,-0.07839857810559515,-0.26816067444893926,-0.2171240312983913,-0.29442159349110075,-0.26811511875854716,-0.35830744470603787,-0.10492476763675358,-0.261780272140113,-0.3609009910367614,-0.2640861690520445,-0.10492476763675358,0.011074170881711016,-0.2359171277118154,-0.304139185531912,-0.04751700753617703,0.07217711319450834,-0.13747214481706815,0.0071995117582675456,0.028897105464702935,-0.015768094334480252,-0.01319424375421599,-0.005458653840079416,0.08714860258795475,0.06336871190483194,-0.11069756274936242,-0.6242859910167529,0.07242627571669824,-0.0571100306850821,-0.0569270580897919,0.05281607316611066,-0.08455626987114652
sma50,0.9319374278675184,0.9319111041702403,0.9284422214930212,0.928525057133149,0.11270147053229448,-0.029431271671009947,0.9685843258974572,1.0,0.7600333562866448,-0.14911421714612688,-0.15859571286102103,-0.16204932402287459,-0.15456545408628924,-0.26041784995547096,-0.18548784118138428,-0.24713615739248843,-0.26249512852971996,-0.34114792828757295,-0.10368033258667894,-0.2531857923211106,-0.3430441694734026,-0.2466507956247951,-0.10368033258667894,0.012701962516041262,-0.22932905735963588,-0.2950113572494336,-0.10111616895875031,0.012232035533783128,-0.14186021457563702,0.008564732159659043,0.02727645989037105,-0.014451219302705248,-0.006774507765193103,-0.006457388302343554,0.03133797727506534,0.06957797038002775,-0.07577175979394098,-0.62703359118085,0.07996693303940479,-0.054064226882058315,-0.05325309760458527,0.06283098686109377,-0.06070127387420651
sma200,0.6507092043794578,0.6537465483992158,0.6450639571003215,0.6461319524021107,0.23190117942588392,-0.07815785623155384,0.6959372783393671,0.7600333562866448,1.0,-0.27619626018632853,-0.3442318867224722,-0.2921125489293316,-0.2711216744038852,0.0042692272925071925,-0.07579659780979191,-0.042990657070832376,-0.03977984920664155,-0.12238289483712331,0.027858707382949863,-0.02515043387875533,-0.12557550139195733,-0.03655940323285783,0.027858707382949863,-0.026473137392583165,0.007906189731771629,-0.0539640324347283,-0.19420291004120996,-0.15928368317854885,0.20595449998206714,0.011101351103390984,0.03344109253281082,-0.03253341594621154,-0.008088015387257303,-0.012094794393777836,-0.09632614831772703,-0.0572784764226317,0.049052623421943296,-0.41198229569506034,0.06458506195215338,-0.0546512932545212,-0.05494468158905599,0.04987478637963064,0.10349793063502433
price_vs_sma20,0.10840954815694567,0.11947842930414464,0.12578662432832166,0.13407946117401282,0.015073899486120023,0.3491556219556394,-0.057802859052811184,-0.14911421714612688,-0.27619626018632853,1.0,0.9268695033052233,0.8848025247387908,0.9452150394439456,0.05102971694221783,0.6963073911904838,-0.26483596728837466,-0.03822926997737312,-0.040418232404721956,-0.058940990481851176,-0.038937737976103774,-0.02376916362826472,-0.10742819303858886,-0.058940990481851176,0.24907783605126235,-0.06659424841445363,-0.05939455208503086,0.8203843119866179,0.12699070422661743,-0.03446184047168458,0.01107851974595644,0.02547605634326888,0.007170820275477685,-0.0037444719728993514,-0.01744888809629328,-0.013375635064694915,0.060109748480922646,-0.1116338756094954,-0.023777778300938534,-0.06338007913778439,0.03320458887205536,0.033876015436912287,-0.07172868387251136,0.050211881485144765
RSI14,0.13291528515454068,0.1434363102936661,0.14932572027335506,0.15779133537723097,-0.0066863982698521516,0.3356949957997936,-0.02262581086604833,-0.15859571286102103,-0.3442318867224722,0.9268695033052233,1.0,0.8644131177025856,0.9195906807992447,0.004544574514058987,0.5223070997549047,-0.34741341983760626,-0.09691398153561843,-0.10294237076567656,-0.08343289382354784,-0.09230298143645851,-0.08019176468730037,-0.17213412255326788,-0.08343289382354784,0.22441929402167327,-0.11599679624624411,-0.11420674692471634,0.7837983076939861,0.21000863480952417,-0.05204705061617101,0.00906980443628141,0.02141253928189604,0.005862438975581536,-0.005007725768316199,-0.012255683803826469,0.07251865829134017,0.07104568793648394,-0.17757609055312268,-0.040580487269031254,-0.07471721290085129,0.027604763752747317,0.027298997233682662,-0.08227965183541913,0.004628822011921747
STOCHK,0.04399996063536562,0.05908390056098231,0.06499950986916984,0.07806068720615053,0.03598086061542878,0.45053371651602653,-0.09885892958890158,-0.16204932402287459,-0.2921125489293316,0.8848025247387908,0.8644131177025856,1.0,0.9313067252769938,0.046313925452469665,0.6747657762058483,-0.23464669369628327,-0.010163221083141619,0.0011460365685830086,-0.041377913206299737,-0.015799516213429683,0.010647746599076361,-0.07457939074441435,-0.041377913206299737,0.28355619085053724,-0.029528745262035104,-0.01745721825231451,0.8066479939702726,0.17124210271172471,-0.060892854919345006,0.015371445125376831,0.02389770078904669,0.008305653664760769,0.020464828248924545,-0.021562344177419073,0.04927604846123086,0.0566796342632227,-0.10311952721894863,0.02740457408256555,-0.10475651005842464,0.008022941864614328,0.008587872582615752,-0.11161108709633018,0.06917147891813819
BBpctb,0.08169630409379038,0.09592000414842006,0.10148965010957672,0.11204119746465102,0.034639740825742636,0.40060853615892383,-0.07839857810559515,-0.15456545408628924,-0.2711216744038852,0.9452150394439456,0.9195906807992447,0.9313067252769938,1.0,0.054906595553894266,0.7102161289630257,-0.25246234710078835,-0.006043234280769292,-0.01528931572418152,-0.03846551842892445,-0.006034489565347023,3.90113529672659e-05,-0.08455922868932401,-0.03846551842892445,0.2802400596225257,-0.02790450557769989,-0.0318063619382003,0.859507761064252,0.19659061223013952,-0.02256695881464475,0.012007824313938376,0.02522634882337071,0.01022934218509003,0.009059968464396854,-0.016740977580817672,0.01128003266577753,0.058139575354135054,-0.1247943014375709,-0.024634909002825875,-0.05737776992517658,0.015810000381704062,0.01585063696580575,-0.06391390139598563,0.03668155659004348
BBwidth,-0.2596715158189899,-0.24631433721571983,-0.2734914758714736,-0.26043172511146634,0.43782555390485106,-0.018945791646359834,-0.26816067444893926,-0.26041784995547096,0.0042692272925071925,0.05102971694221783,0.004544574514058987,0.046313925452469665,0.054906595553894266,1.0,0.18611197558469086,0.6810669847195332,0.6306276851614422,0.745200548279496,0.34162646671692126,0.6876118169822523,0.7463371587381554,0.7036196119132715,0.34162646671692126,0.003546331186760086,0.6637443028532651,0.7785322709134815,0.08799135619261686,0.12906987750694837,0.08323849956360387,-0.006061570983655615,0.00043284903162891917,-0.008931398026951561,-0.013761229826701391,-0.0015623806322351997,-0.07747692173051877,-0.043258149153973115,-0.04912618779199089,0.299080865472781,0.006134616411845192,0.05642605652071906,0.057341293614956934,0.030272788554534795,0.1745429172680798
MACDnorm,-0.07330021479645488,-0.06841444049177818,-0.06237168573930821,-0.06119135237305598,0.007205477826991027,0.15677573906679923,-0.2171240312983913,-0.18548784118138428,-0.07579659780979191,0.6963073911904838,0.5223070997549047,0.6747657762058483,0.7102161289630257,0.18611197558469086,1.0,-0.026553538047557976,0.08930183126524725,0.12045701812631832,0.008643703180936482,0.1079719493120915,0.13651822136016042,0.06298751620902711,0.008643703180936482,0.20160061718077088,0.07346448754235999,0.10362061360835839,0.6770298787369977,0.09859218937882451,-0.04585862258793068,0.004254926176143634,0.008055255159968258,0.0015685786264555228,-0.007652550984582601,-0.010637967357366449,-0.15164239446675978,0.049650531889934034,-0.017486705465003523,0.09866822018198455,-0.062409860584370494,0.030667199510333136,0.03324530147686061,-0.0596865619262531,0.137800206667211
ATRnorm,-0.3298345165820942,-0.3195755042213523,-0.34935469278166603,-0.33660153343347105,0.25281009961669965,-0.09971160471086857,-0.29442159349110075,-0.24713615739248843,-0.042990657070832376,-0.26483596728837466,-0.34741341983760626,-0.23464669369628327,-0.25246234710078835,0.6810669847195332,-0.026553538047557976,1.0,0.6540001971590732,0.8818495498628315,0.3559967504516962,0.6706218449329595,0.8740685448118687,0.802488955377235,0.3559967504516962,-0.05594076666305002,0.6629076774056724,0.8703402993680696,-0.22963715501181045,0.052117521790795575,-0.055314350475250115,-0.009272796981196652,-0.02578722696773203,-0.007814716894394468,0.012956849805013814,0.007575026186999599,-0.046785527393388614,-0.062211458199798654,0.016544850824350078,0.46062550856330003,-0.006137954348230794,-0.007406504067277696,-0.005405029677987766,0.03491654544520147,0.12128300123444416
vol_std5,-0.2770225381989346,-0.25625178276470995,-0.2941382475385244,-0.273076683961861,0.44311908085920404,0.02993892647869919,-0.26811511875854716,-0.26249512852971996,-0.03977984920664155,-0.03822926997737312,-0.09691398153561843,-0.010163221083141619,-0.006043234280769292,0.6306276851614422,0.08930183126524725,0.6540001971590732,1.0,0.6959243558857618,0.5123256886473737,0.8680691588963039,0.6470624864399913,0.8479658912028766,0.5123256886473737,0.023274099438894594,0.9435841426986964,0.6969787920839791,-0.016622197881986718,0.06899710912870133,0.044861207564298115,-0.010223534843807962,-0.026042980024183034,-0.023263815184397435,0.03390873766680088,0.009632965259020038,-0.06088840050494518,-0.05550329771454529,-0.04347952795301826,0.2622603343590514,-0.07379228089377823,0.026262721455348473,0.026768470827439904,-0.0411569047080614,0.17059474312640413
vol_std20,-0.3655199566697786,-0.35143182748478724,-0.3802065344506957,-0.36456208688096664,0.32635056888690117,-0.010716633503898258,-0.35830744470603787,-0.34114792828757295,-0.12238289483712331,-0.040418232404721956,-0.10294237076567656,0.0011460365685830086,-0.01528931572418152,0.745200548279496,0.12045701812631832,0.8818495498628315,0.6959243558857618,1.0,0.36059993624027314,0.7154047320464924,0.966766055095228,0.7546003091435597,0.36059993624027314,-0.0013006519954077013,0.6925294463541859,0.9756932322960938,-0.021277256002469283,0.10156987024311848,-0.0019238236505882726,-0.007451239702554977,-0.020821932829396442,0.0012737815330955958,0.018047086023650186,0.005205454722638065,-0.01677676390439026,-0.08070539023702353,-0.020589484541363244,0.41142217792121744,-0.10062332304733886,0.03416684124083486,0.03552931019328387,-0.07574994566655645,0.16662495239872127
har_d,-0.11422351690583929,-0.10194866214003333,-0.12644049837249888,-0.11282539053916059,0.3329474947438384,-0.013852658541756723,-0.10492476763675358,-0.10368033258667894,0.027858707382949863,-0.058940990481851176,-0.08343289382354784,-0.041377913206299737,-0.03846551842892445,0.34162646671692126,0.008643703180936482,0.3559967504516962,0.5123256886473737,0.36059993624027314,1.0,0.5054575026293271,0.35133520274724417,0.4729068681006455,1.0,0.033122264369363726,0.5722112199550136,0.38498978412756457,-0.050992991985565075,0.06707425230780516,0.04519336896035377,0.04356278566907797,-0.02349276818852764,0.007012723764843221,0.001481643241802951,0.0050154137200373854,-0.02134601543415402,-0.03622269216995026,-0.05121523107704429,0.09810470201963822,0.1234293145383501,0.039895404052470135,0.04086992510934263,0.04570971275938754,0.1100154797616516
har_w,-0.26740999231838897,-0.2520670724467419,-0.2808551462386923,-0.26586043743130566,0.3783641027016859,-0.006679220797143088,-0.261780272140113,-0.2531857923211106,-0.02515043387875533,-0.038937737976103774,-0.09230298143645851,-0.015799516213429683,-0.006034489565347023,0.6876118169822523,0.1079719493120915,0.6706218449329595,0.8680691588963039,0.7154047320464924,0.5054575026293271,1.0,0.6924750129120083,0.8323408518429857,0.5054575026293271,0.03100656243210201,0.8872952142576834,0.7230019625750851,-0.011450523281002012,0.08525910202009936,0.04625249553643589,-0.011529729505841567,-0.014020054315844124,-0.001606756718749417,0.028936324193860635,0.005749829218238569,-0.0664966048681026,-0.06004683513593735,-0.049996201698527566,0.26854278473853016,0.005949606515889708,0.005152630872842669,0.006162706034469469,-0.013603427323461053,0.18958196026180885
har_m,-0.362217213430993,-0.3504635702204272,-0.3750671714559526,-0.36182286608879183,0.29400439111040105,-0.019026441656775188,-0.3609009910367614,-0.3430441694734026,-0.12557550139195733,-0.02376916362826472,-0.08019176468730037,0.010647746599076361,3.90113529672659e-05,0.7463371587381554,0.13651822136016042,0.8740685448118687,0.6470624864399913,0.966766055095228,0.35133520274724417,0.6924750129120083,1.0,0.714199842175899,0.35133520274724417,0.003622299703343949,0.6493826712209095,0.956826383822571,-0.0010860417830667413,0.10626509173894017,-0.005725862469561599,-0.009921209378258187,-0.03138856854376593,0.005268631254451929,0.010694082952481882,0.005531515434791454,-0.006205108377097551,-0.08250019833551273,0.005144594715216838,0.42497408400567194,-0.08827653437316382,0.027242539757722752,0.028546376053241083,-0.0790638876393775,0.135354539411705
rv_park5,-0.28248451842797,-0.2603007578492085,-0.30444700751184106,-0.282468722010567,0.40348078109647945,-0.031088858998238867,-0.2640861690520445,-0.2466507956247951,-0.03655940323285783,-0.10742819303858886,-0.17213412255326788,-0.07457939074441435,-0.08455922868932401,0.7036196119132715,0.06298751620902711,0.802488955377235,0.8479658912028766,0.7546003091435597,0.4729068681006455,0.8323408518429857,0.714199842175899,1.0,0.4729068681006455,0.0015555780941051425,0.8660571817615618,0.7522666586362482,-0.08124168325913536,0.0910992983250134,-0.0017003308785913808,-0.013345439562907752,-0.019174667027850086,0.003963431863614376,0.03276628235491379,0.013182147458533005,-0.0781479332498859,-0.049976928338140485,-0.07166733920551946,0.34044581533161256,-0.002353715972571672,0.022873860917599513,0.023599020786668083,0.014410583580130596,0.2115674498018005
ret_sq_lag1,-0.11422351690583929,-0.10194866214003333,-0.12644049837249888,-0.11282539053916059,0.3329474947438384,-0.013852658541756723,-0.10492476763675358,-0.10368033258667894,0.027858707382949863,-0.058940990481851176,-0.08343289382354784,-0.041377913206299737,-0.03846551842892445,0.34162646671692126,0.008643703180936482,0.3559967504516962,0.5123256886473737,0.36059993624027314,1.0,0.5054575026293271,0.35133520274724417,0.4729068681006455,1.0,0.033122264369363726,0.5722112199550136,0.38498978412756457,-0.050992991985565075,0.06707425230780516,0.04519336896035377,0.04356278566907797,-0.02349276818852764,0.007012723764843221,0.001481643241802951,0.0050154137200373854,-0.02134601543415402,-0.03622269216995026,-0.05121523107704429,0.09810470201963822,0.1234293145383501,0.039895404052470135,0.04086992510934263,0.04570971275938754,0.1100154797616516
sign_lag1,0.062379122597933864,0.06411443691635524,0.0645013735880175,0.06324060624306309,0.04580420363111121,-0.007555261020881014,0.011074170881711016,0.012701962516041262,-0.026473137392583165,0.24907783605126235,0.22441929402167327,0.28355619085053724,0.2802400596225257,0.003546331186760086,0.20160061718077088,-0.05594076666305002,0.023274099438894594,-0.0013006519954077013,0.033122264369363726,0.03100656243210201,0.003622299703343949,0.0015555780941051425,0.033122264369363726,1.0,0.012828312552281873,-0.004748658346491102,0.33181474897782826,0.036581708429165624,-0.0031936571783731807,0.05710374326400974,0.034242446080784764,0.027924446032424163,0.01116599328048192,-0.039394855803614,0.004677096411211052,0.014310015569879136,-0.03605125511882982,-0.009835488906838573,-0.05354640539016849,-0.021115512527299263,-0.02031689969503243,0.029984198268310325,0.0035731840204649996
ret_abs_ma5,-0.24715421311368135,-0.22574440814634966,-0.26548347679897655,-0.244119231457627,0.4940780778627159,0.005965015705802118,-0.2359171277118154,-0.22932905735963588,0.007906189731771629,-0.06659424841445363,-0.11599679624624411,-0.029528745262035104,-0.02790450557769989,0.6637443028532651,0.07346448754235999,0.6629076774056724,0.9435841426986964,0.6925294463541859,0.5722112199550136,0.8872952142576834,0.6493826712209095,0.8660571817615618,0.5722112199550136,0.012828312552281873,1.0,0.7155884268015997,-0.042034371326084216,0.09559549518619609,0.05254289074550101,-0.01697476677080723,-0.018037219084369043,-0.019485498649832074,0.025963010854847538,0.01217976662696752,-0.054674087281591684,-0.05145402940796765,-0.05910198698230033,0.24031746134320917,-0.002888616285550194,0.023517231177494435,0.02425781380748268,0.01716241978147775,0.19369384738789383
ret_abs_ma20,-0.3106015795352644,-0.29613420061593826,-0.3257829904829038,-0.30991542002725303,0.3768082223734265,-0.01705445450235059,-0.304139185531912,-0.2950113572494336,-0.0539640324347283,-0.05939455208503086,-0.11420674692471634,-0.01745721825231451,-0.0318063619382003,0.7785322709134815,0.10362061360835839,0.8703402993680696,0.6969787920839791,0.9756932322960938,0.38498978412756457,0.7230019625750851,0.956826383822571,0.7522666586362482,0.38498978412756457,-0.004748658346491102,0.7155884268015997,1.0,-0.033414889691182136,0.1303235700395438,0.016218103276297458,-0.009318153542442266,-0.016598777280175933,-0.004940728370795038,0.012062927748442457,0.006390526329706731,0.006760785454008015,-0.09931651635969525,0.002222136611546792,0.368298141311876,-0.05349073233267454,0.03309948634459225,0.03460829288183565,-0.03240188742713279,0.18912765567241113
OBV_z,0.0926574881270938,0.10521897405701401,0.11074210351228994,0.11965026686776485,0.009642308444889905,0.38988060914458395,-0.04751700753617703,-0.10111616895875031,-0.19420291004120996,0.8203843119866179,0.7837983076939861,0.8066479939702726,0.859507761064252,0.08799135619261686,0.6770298787369977,-0.22963715501181045,-0.016622197881986718,-0.021277256002469283,-0.050992991985565075,-0.011450523281002012,-0.0010860417830667413,-0.08124168325913536,-0.050992991985565075,0.33181474897782826,-0.042034371326084216,-0.033414889691182136,1.0,0.1646051929578481,-0.01721176471208951,0.011743588877248603,0.018244202701334908,0.002493080884305862,0.018556988862539057,-0.020568118805107675,0.011418014716735052,0.05256390753287056,-0.1172777736424843,-0.022701805717718255,-0.060158686460700245,0.025161221804505758,0.024165825074308766,-0.07548698364403379,0.024223399594411867
month_sin,0.10458997274892294,0.11193079030032735,0.10123066684131996,0.10861380459732815,-0.03613191609341969,0.03952317836279465,0.07217711319450834,0.012232035533783128,-0.15928368317854885,0.12699070422661743,0.21000863480952417,0.17124210271172471,0.19659061223013952,0.12906987750694837,0.09859218937882451,0.052117521790795575,0.06899710912870133,0.10156987024311848,0.06707425230780516,0.08525910202009936,0.10626509173894017,0.0910992983250134,0.06707425230780516,0.036581708429165624,0.09559549518619609,0.1303235700395438,0.1646051929578481,1.0,0.01727767305720497,-0.0012107868848400172,-0.0031504805043473584,0.010167146759928625,0.02056808756812849,0.0010008342051401747,0.44187749438608825,-0.14602840158574934,-0.3639402935660917,-0.14543572383701692,0.09568192214793006,-0.03384192991453243,-0.03580168517429268,0.08027730737688075,0.1338558859643398
month_cos,-0.13002602749062234,-0.12582757302698722,-0.12876435670570677,-0.1275121859598538,0.1563436122067847,1.5201805722148784e-05,-0.13747214481706815,-0.14186021457563702,0.20595449998206714,-0.03446184047168458,-0.05204705061617101,-0.060892854919345006,-0.02256695881464475,0.08323849956360387,-0.04585862258793068,-0.055314350475250115,0.044861207564298115,-0.0019238236505882726,0.04519336896035377,0.04625249553643589,-0.005725862469561599,-0.0017003308785913808,0.04519336896035377,-0.0031936571783731807,0.05254289074550101,0.016218103276297458,-0.01721176471208951,0.01727767305720497,1.0,0.010724805535826817,0.024056298945478366,-0.02621138112341048,-0.054176179353947126,-0.012152835354675201,0.030922227681815833,-0.40237310400312,0.1314486575541977,-0.09665623184900526,0.07392203142585947,-0.03042773110000045,-0.030070513263701235,0.04369548160671724,0.04150688181849864
dow_sin,0.005455999981011583,0.006885951816508341,0.006549998898091829,0.006768174389893692,0.04361088062602503,0.02590247789215977,0.0071995117582675456,0.008564732159659043,0.011101351103390984,0.01107851974595644,0.00906980443628141,0.015371445125376831,0.012007824313938376,-0.006061570983655615,0.004254926176143634,-0.009272796981196652,-0.010223534843807962,-0.007451239702554977,0.04356278566907797,-0.011529729505841567,-0.009921209378258187,-0.013345439562907752,0.04356278566907797,0.05710374326400974,-0.01697476677080723,-0.009318153542442266,0.011743588877248603,-0.0012107868848400172,0.010724805535826817,1.0,0.30101797424533017,0.005346351665947415,-0.042527698285103895,-0.7040505428954369,0.0026820988177361097,-0.0018782346921792455,0.0027697894388186207,-0.010383843408492023,0.08877007946522947,-0.035074518287627844,-0.03624679024065014,0.04267827150731689,0.03169047900735953
dow_cos,0.03188951973052573,0.0309590274793845,0.03248126475983143,0.03183930278477162,-0.008355623131884328,0.044944373531491257,0.028897105464702935,0.02727645989037105,0.03344109253281082,0.02547605634326888,0.02141253928189604,0.02389770078904669,0.02522634882337071,0.00043284903162891917,0.008055255159968258,-0.02578722696773203,-0.026042980024183034,-0.020821932829396442,-0.02349276818852764,-0.014020054315844124,-0.03138856854376593,-0.019174667027850086,-0.02349276818852764,0.034242446080784764,-0.018037219084369043,-0.016598777280175933,0.018244202701334908,-0.0031504805043473584,0.024056298945478366,0.30101797424533017,1.0,-0.0006075095744829037,-0.012913867060838306,-0.008966078334539216,-0.007867239214470191,-0.003927951256192445,0.003133342092718059,-0.023938773803396922,0.05269388535856239,-0.038826946323423414,-0.0360561702019126,-0.07329655659642209,0.06554373214387463
is_month_end,-0.020392683869430505,-0.01828395207042919,-0.01954298990185376,-0.01620002712363019,0.0049121051691405244,0.02663274514159768,-0.015768094334480252,-0.014451219302705248,-0.03253341594621154,0.007170820275477685,0.005862438975581536,0.008305653664760769,0.01022934218509003,-0.008931398026951561,0.0015685786264555228,-0.007814716894394468,-0.023263815184397435,0.0012737815330955958,0.007012723764843221,-0.001606756718749417,0.005268631254451929,0.003963431863614376,0.007012723764843221,0.027924446032424163,-0.019485498649832074,-0.004940728370795038,0.002493080884305862,0.010167146759928625,-0.02621138112341048,0.005346351665947415,-0.0006075095744829037,1.0,0.5251603649509714,-0.00824074187385175,0.023432449699217123,-0.006002674911990507,0.0060452984295581505,0.012984541162225659,0.029463925311534835,0.010004892249341753,0.010527117747272548,-0.038612677881521874,0.08961713585721674
is_quarter_end,-0.01777235833353688,-0.013742109972266684,-0.01604016064525405,-0.011605730839221054,-0.00046191953530226,0.03397969129268659,-0.01319424375421599,-0.006774507765193103,-0.008088015387257303,-0.0037444719728993514,-0.005007725768316199,0.020464828248924545,0.009059968464396854,-0.013761229826701391,-0.007652550984582601,0.012956849805013814,0.03390873766680088,0.018047086023650186,0.001481643241802951,0.028936324193860635,0.010694082952481882,0.03276628235491379,0.001481643241802951,0.01116599328048192,0.025963010854847538,0.012062927748442457,0.018556988862539057,0.02056808756812849,-0.054176179353947126,-0.042527698285103895,-0.012913867060838306,0.5251603649509714,1.0,0.01751892769592827,0.10839072603310287,-0.02871264162338888,-0.025286222024432075,0.030988656465911375,-0.006911119325180396,0.004834999248451253,0.006125243605782399,-0.005019031828685815,
is_friday,-0.004187185707767906,-0.0056866329590087045,-0.006984902145412568,-0.0070331843063714755,-0.04068355578214283,-0.03178104966546054,-0.005458653840079416,-0.006457388302343554,-0.012094794393777836,-0.01744888809629328,-0.012255683803826469,-0.021562344177419073,-0.016740977580817672,-0.0015623806322351997,-0.010637967357366449,0.007575026186999599,0.009632965259020038,0.005205454722638065,0.0050154137200373854,0.005749829218238569,0.005531515434791454,0.013182147458533005,0.0050154137200373854,-0.039394855803614,0.01217976662696752,0.006390526329706731,-0.020568118805107675,0.0010008342051401747,-0.012152835354675201,-0.7040505428954369,-0.008966078334539216,-0.00824074187385175,0.01751892769592827,1.0,-0.003266180106798738,0.001576400963921119,-0.0017368860346912423,0.007653854019791073,-0.06980415618964908,0.0309502895411114,0.03357749144964915,-0.04285611351538664,-0.022313589713422413
is_march,0.07204480369461777,0.07181728330263387,0.07265996348312444,0.07385656110016005,-0.05382608041596031,0.01690768913732982,0.08714860258795475,0.03133797727506534,-0.09632614831772703,-0.013375635064694915,0.07251865829134017,0.04927604846123086,0.01128003266577753,-0.07747692173051877,-0.15164239446675978,-0.046785527393388614,-0.06088840050494518,-0.01677676390439026,-0.02134601543415402,-0.0664966048681026,-0.006205108377097551,-0.0781479332498859,-0.02134601543415402,0.004677096411211052,-0.054674087281591684,0.006760785454008015,0.011418014716735052,0.44187749438608825,0.030922227681815833,0.0026820988177361097,-0.007867239214470191,0.023432449699217123,0.10839072603310287,-0.003266180106798738,1.0,-0.08380861161191275,-0.07380732112965711,-0.09010755110244731,0.020357317834316036,-0.02321948173921389,-0.024583378030424933,-0.0033289785152820633,0.07912881624746677
is_july,0.055345129148699185,0.05317682251339823,0.05625049657759728,0.05390339295280897,-0.036108037758825144,0.03057988022681191,0.06336871190483194,0.06957797038002775,-0.0572784764226317,0.060109748480922646,0.07104568793648394,0.0566796342632227,0.058139575354135054,-0.043258149153973115,0.049650531889934034,-0.062211458199798654,-0.05550329771454529,-0.08070539023702353,-0.03622269216995026,-0.06004683513593735,-0.08250019833551273,-0.049976928338140485,-0.03622269216995026,0.014310015569879136,-0.05145402940796765,-0.09931651635969525,0.05256390753287056,-0.14602840158574934,-0.40237310400312,-0.0018782346921792455,-0.003927951256192445,-0.006002674911990507,-0.02871264162338888,0.001576400963921119,-0.08380861161191275,1.0,-0.08329592722892408,0.0322157112952068,0.07120127279648215,0.027051999455016965,0.02784468262250167,0.08395564471219948,-0.038399898802607205
is_oct,-0.12374748495892797,-0.12998675226866568,-0.12024876142634428,-0.12726739200333376,-0.01051313314608608,-0.0412679028827363,-0.11069756274936242,-0.07577175979394098,0.049052623421943296,-0.1116338756094954,-0.17757609055312268,-0.10311952721894863,-0.1247943014375709,-0.04912618779199089,-0.017486705465003523,0.016544850824350078,-0.04347952795301826,-0.020589484541363244,-0.05121523107704429,-0.049996201698527566,0.005144594715216838,-0.07166733920551946,-0.05121523107704429,-0.03605125511882982,-0.05910198698230033,0.002222136611546792,-0.1172777736424843,-0.3639402935660917,0.1314486575541977,0.0027697894388186207,0.003133342092718059,0.0060452984295581505,-0.025286222024432075,-0.0017368860346912423,-0.07380732112965711,-0.08329592722892408,1.0,0.06632495958330846,0.01261210080979979,0.03340120662386138,0.036396735228465746,0.024369070085284283,-0.18755208310914503
in_crisis,-0.618739252866957,-0.6205257741295398,-0.6179914547019633,-0.6187807867084506,-0.1917011615570492,-0.016951347236214914,-0.6242859910167529,-0.62703359118085,-0.41198229569506034,-0.023777778300938534,-0.040580487269031254,0.02740457408256555,-0.024634909002825875,0.299080865472781,0.09866822018198455,0.46062550856330003,0.2622603343590514,0.41142217792121744,0.09810470201963822,0.26854278473853016,0.42497408400567194,0.34044581533161256,0.09810470201963822,-0.009835488906838573,0.24031746134320917,0.368298141311876,-0.022701805717718255,-0.14543572383701692,-0.09665623184900526,-0.010383843408492023,-0.023938773803396922,0.012984541162225659,0.030988656465911375,0.007653854019791073,-0.09010755110244731,0.0322157112952068,0.06632495958330846,1.0,-0.07007519553600154,0.041888597435956014,0.04312938469801695,-0.04923897274021551,0.11020806721227053
sentiment_score,0.059025526499152166,0.06109508766268825,0.06255959538874901,0.06098942772586987,-0.057066646963203786,0.09227334143604543,0.07242627571669824,0.07996693303940479,0.06458506195215338,-0.06338007913778439,-0.07471721290085129,-0.10475651005842464,-0.05737776992517658,0.006134616411845192,-0.062409860584370494,-0.006137954348230794,-0.07379228089377823,-0.10062332304733886,0.1234293145383501,0.005949606515889708,-0.08827653437316382,-0.002353715972571672,0.1234293145383501,-0.05354640539016849,-0.002888616285550194,-0.05349073233267454,-0.060158686460700245,0.09568192214793006,0.07392203142585947,0.08877007946522947,0.05269388535856239,0.029463925311534835,-0.006911119325180396,-0.06980415618964908,0.020357317834316036,0.07120127279648215,0.01261210080979979,-0.07007519553600154,1.0,-0.13361931528629029,,0.879479828579873,-0.05526512322628827
news_count,-0.051118050693430554,-0.052857190742509406,-0.053437233916195176,-0.053727167836342515,0.05166401113362669,-0.05177088206450943,-0.0571100306850821,-0.054064226882058315,-0.0546512932545212,0.03320458887205536,0.027604763752747317,0.008022941864614328,0.015810000381704062,0.05642605652071906,0.030667199510333136,-0.007406504067277696,0.026262721455348473,0.03416684124083486,0.039895404052470135,0.005152630872842669,0.027242539757722752,0.022873860917599513,0.039895404052470135,-0.021115512527299263,0.023517231177494435,0.03309948634459225,0.025161221804505758,-0.03384192991453243,-0.03042773110000045,-0.035074518287627844,-0.038826946323423414,0.010004892249341753,0.004834999248451253,0.0309502895411114,-0.02321948173921389,0.027051999455016965,0.03340120662386138,0.041888597435956014,-0.13361931528629029,1.0,0.9978654327282005,-0.01592760039395242,0.0078031714332035375
has_news,-0.05081723008283589,-0.052655058952061407,-0.053185597056694435,-0.05344646446705892,0.05030426809436111,-0.05191932769598716,-0.0569270580897919,-0.05325309760458527,-0.05494468158905599,0.033876015436912287,0.027298997233682662,0.008587872582615752,0.01585063696580575,0.057341293614956934,0.03324530147686061,-0.005405029677987766,0.026768470827439904,0.03552931019328387,0.04086992510934263,0.006162706034469469,0.028546376053241083,0.023599020786668083,0.04086992510934263,-0.02031689969503243,0.02425781380748268,0.03460829288183565,0.024165825074308766,-0.03580168517429268,-0.030070513263701235,-0.03624679024065014,-0.0360561702019126,0.010527117747272548,0.006125243605782399,0.03357749144964915,-0.024583378030424933,0.02784468262250167,0.036396735228465746,0.04312938469801695,,0.9978654327282005,1.0,0.005961695245600939,0.011411694040719856
sentiment_trend_3,0.04117477276164908,0.04476571398928042,0.04190222317556021,0.042576898556966135,-0.007501171502611441,0.00939031897071481,0.05281607316611066,0.06283098686109377,0.04987478637963064,-0.07172868387251136,-0.08227965183541913,-0.11161108709633018,-0.06391390139598563,0.030272788554534795,-0.0596865619262531,0.03491654544520147,-0.0411569047080614,-0.07574994566655645,0.04570971275938754,-0.013603427323461053,-0.0790638876393775,0.014410583580130596,0.04570971275938754,0.029984198268310325,0.01716241978147775,-0.03240188742713279,-0.07548698364403379,0.08027730737688075,0.04369548160671724,0.04267827150731689,-0.07329655659642209,-0.038612677881521874,-0.005019031828685815,-0.04285611351538664,-0.0033289785152820633,0.08395564471219948,0.024369070085284283,-0.04923897274021551,0.879479828579873,-0.01592760039395242,0.005961695245600939,1.0,-0.10693638230084053
sentiment_volatility,-0.04587964482915005,-0.04333421757008168,-0.048686103580594,-0.0479504181333071,0.01715856721152635,-0.020455051143446902,-0.08455626987114652,-0.06070127387420651,0.10349793063502433,0.050211881485144765,0.004628822011921747,0.06917147891813819,0.03668155659004348,0.1745429172680798,0.137800206667211,0.12128300123444416,0.17059474312640413,0.16662495239872127,0.1100154797616516,0.18958196026180885,0.135354539411705,0.2115674498018005,0.1100154797616516,0.0035731840204649996,0.19369384738789383,0.18912765567241113,0.024223399594411867,0.1338558859643398,0.04150688181849864,0.03169047900735953,0.06554373214387463,0.08961713585721674,,-0.022313589713422413,0.07912881624746677,-0.038399898802607205,-0.18755208310914503,0.11020806721227053,-0.05526512322628827,0.0078031714332035375,0.011411694040719856,-0.10693638230084053,1.0
